PDF Paths with All 23 Headers Matching,
Full PDF Path,File ID
C:\Projects\File_Util_App\processed_fdds\0015b24c-ae89-48fc-8fb0-775f6f593e75_origin.pdf,0015b24c-ae89-48fc-8fb0-775f6f593e75
C:\Projects\File_Util_App\processed_fdds\0073f5c8-fb55-4f9a-a3e0-bfe034ebdc75_origin.pdf,0073f5c8-fb55-4f9a-a3e0-bfe034ebdc75
C:\Projects\File_Util_App\processed_fdds\00a72862-7472-473d-87c4-863010fa4835_origin.pdf,00a72862-7472-473d-87c4-863010fa4835
C:\Projects\File_Util_App\processed_fdds\00cccd30-3f35-497c-801e-2047cd516b35_origin.pdf,00cccd30-3f35-497c-801e-2047cd516b35
C:\Projects\File_Util_App\processed_fdds\0129bd3b-146f-4631-a464-e1bd72ce9a1c_origin.pdf,0129bd3b-146f-4631-a464-e1bd72ce9a1c
C:\Projects\File_Util_App\processed_fdds\0169a25f-a2a8-4c44-9cdc-1c6a21368c0e_origin.pdf,0169a25f-a2a8-4c44-9cdc-1c6a21368c0e
C:\Projects\File_Util_App\processed_fdds\016e33e9-540d-4760-aa5d-0170e6867da7_origin.pdf,016e33e9-540d-4760-aa5d-0170e6867da7
C:\Projects\File_Util_App\processed_fdds\027f559e-e541-443d-a309-6cb02b6cd3be_origin.pdf,027f559e-e541-443d-a309-6cb02b6cd3be
C:\Projects\File_Util_App\processed_fdds\02b9b250-48e3-4d08-a6b9-e96d5836c8ff_origin.pdf,02b9b250-48e3-4d08-a6b9-e96d5836c8ff
C:\Projects\File_Util_App\processed_fdds\03154c69-03d9-477c-a837-04ba054fccc7_origin.pdf,03154c69-03d9-477c-a837-04ba054fccc7
C:\Projects\File_Util_App\processed_fdds\03e03759-2065-46ff-898e-4090de40a0b3_origin.pdf,03e03759-2065-46ff-898e-4090de40a0b3
C:\Projects\File_Util_App\processed_fdds\03f0e909-96cc-4535-ab56-23a24aed20b0_origin.pdf,03f0e909-96cc-4535-ab56-23a24aed20b0
C:\Projects\File_Util_App\processed_fdds\04001d1e-b289-4247-a875-3fcb0ff54fd3_origin.pdf,04001d1e-b289-4247-a875-3fcb0ff54fd3
C:\Projects\File_Util_App\processed_fdds\047894f1-1b54-4f85-b021-03790f7e3266_origin.pdf,047894f1-1b54-4f85-b021-03790f7e3266
C:\Projects\File_Util_App\processed_fdds\070b302c-80b1-4a61-a5a8-f0299852205c_origin.pdf,070b302c-80b1-4a61-a5a8-f0299852205c
C:\Projects\File_Util_App\processed_fdds\073bcac8-068f-4cae-b380-8d218b4fca42_origin.pdf,073bcac8-068f-4cae-b380-8d218b4fca42
C:\Projects\File_Util_App\processed_fdds\0765d42c-7f0b-48d8-814c-5637f9e7fcb3_origin.pdf,0765d42c-7f0b-48d8-814c-5637f9e7fcb3
C:\Projects\File_Util_App\processed_fdds\07d47315-960c-43d2-8d92-7daa0a91270d_origin.pdf,07d47315-960c-43d2-8d92-7daa0a91270d
C:\Projects\File_Util_App\processed_fdds\07f13266-7b0b-4ad1-9e2e-f48f88039d40_origin.pdf,07f13266-7b0b-4ad1-9e2e-f48f88039d40
C:\Projects\File_Util_App\processed_fdds\0895306a-c7a4-45f7-8baf-8c1874039561_origin.pdf,0895306a-c7a4-45f7-8baf-8c1874039561
C:\Projects\File_Util_App\processed_fdds\0935d10b-0c88-4a99-99b6-7db0ec59a851_origin.pdf,0935d10b-0c88-4a99-99b6-7db0ec59a851
C:\Projects\File_Util_App\processed_fdds\095fb94a-fa4e-4f2c-a9d2-0f8f976f2004_origin.pdf,095fb94a-fa4e-4f2c-a9d2-0f8f976f2004
C:\Projects\File_Util_App\processed_fdds\0a16f56c-3d1a-4311-a172-bf5fe0fabd72_origin.pdf,0a16f56c-3d1a-4311-a172-bf5fe0fabd72
C:\Projects\File_Util_App\processed_fdds\0a3650bc-4076-4ac8-957d-123a794bc6b6_origin.pdf,0a3650bc-4076-4ac8-957d-123a794bc6b6
C:\Projects\File_Util_App\processed_fdds\0a493c8e-eea4-4ff0-adba-f6bb48821426_origin.pdf,0a493c8e-eea4-4ff0-adba-f6bb48821426
C:\Projects\File_Util_App\processed_fdds\0a6a4155-b831-4d28-a7bf-f7eb1da5d2ad_origin.pdf,0a6a4155-b831-4d28-a7bf-f7eb1da5d2ad
C:\Projects\File_Util_App\processed_fdds\0a74bdd4-fdce-4675-bccf-8f99ee608e1d_origin.pdf,0a74bdd4-fdce-4675-bccf-8f99ee608e1d
C:\Projects\File_Util_App\processed_fdds\0ab7236c-499b-4a6c-9ead-9bcefde2476c_origin.pdf,0ab7236c-499b-4a6c-9ead-9bcefde2476c
C:\Projects\File_Util_App\processed_fdds\0abebfcf-37ad-4ebb-a1f8-17f9622119df_origin.pdf,0abebfcf-37ad-4ebb-a1f8-17f9622119df
C:\Projects\File_Util_App\processed_fdds\0af05137-2610-4154-92dc-630b9014d3ba_origin.pdf,0af05137-2610-4154-92dc-630b9014d3ba
C:\Projects\File_Util_App\processed_fdds\0b1c70b1-40ed-4f7b-8262-ad4984d1d963_origin.pdf,0b1c70b1-40ed-4f7b-8262-ad4984d1d963
C:\Projects\File_Util_App\processed_fdds\0ba5fbd9-e22c-4ce2-946a-ec552b79beb1_origin.pdf,0ba5fbd9-e22c-4ce2-946a-ec552b79beb1
C:\Projects\File_Util_App\processed_fdds\0c196bca-b9e0-4df8-bc10-34c4c64146e8_origin.pdf,0c196bca-b9e0-4df8-bc10-34c4c64146e8
C:\Projects\File_Util_App\processed_fdds\0c8f64ff-4107-4d44-ab11-66ae84a4d00c_origin.pdf,0c8f64ff-4107-4d44-ab11-66ae84a4d00c
C:\Projects\File_Util_App\processed_fdds\0ce892ac-d5a3-41ae-911f-30806a071ea7_origin.pdf,0ce892ac-d5a3-41ae-911f-30806a071ea7
C:\Projects\File_Util_App\processed_fdds\0e3825ee-2ed0-45e0-bb88-4ab86ae968c1_origin.pdf,0e3825ee-2ed0-45e0-bb88-4ab86ae968c1
C:\Projects\File_Util_App\processed_fdds\0e99d980-34cc-4673-b877-95666421efe2_origin.pdf,0e99d980-34cc-4673-b877-95666421efe2
C:\Projects\File_Util_App\processed_fdds\0eb6e843-ce93-4336-afe7-85fe17e1d74a_origin.pdf,0eb6e843-ce93-4336-afe7-85fe17e1d74a
C:\Projects\File_Util_App\processed_fdds\0f740149-8daf-401b-acba-48525335a937_origin.pdf,0f740149-8daf-401b-acba-48525335a937
C:\Projects\File_Util_App\processed_fdds\0f7b5f57-488d-4684-ae98-24f06c0a7756_origin.pdf,0f7b5f57-488d-4684-ae98-24f06c0a7756
C:\Projects\File_Util_App\processed_fdds\0f8a2336-32f1-4fba-8b83-eade7d4534ed_origin.pdf,0f8a2336-32f1-4fba-8b83-eade7d4534ed
C:\Projects\File_Util_App\processed_fdds\0fa0b569-97a9-418a-bec8-36d7f278cc4a_origin.pdf,0fa0b569-97a9-418a-bec8-36d7f278cc4a
C:\Projects\File_Util_App\processed_fdds\0fe466e6-336a-4dbf-9973-1769b1611b79_origin.pdf,0fe466e6-336a-4dbf-9973-1769b1611b79
C:\Projects\File_Util_App\processed_fdds\0ff24908-aee2-42d4-b995-abada1d000fb_origin.pdf,0ff24908-aee2-42d4-b995-abada1d000fb
C:\Projects\File_Util_App\processed_fdds\10f7d9f8-3476-4000-a140-b18d4213312b_origin.pdf,10f7d9f8-3476-4000-a140-b18d4213312b
C:\Projects\File_Util_App\processed_fdds\11a853a4-cf5a-4bbb-a16d-4a892a2db3f4_origin.pdf,11a853a4-cf5a-4bbb-a16d-4a892a2db3f4
C:\Projects\File_Util_App\processed_fdds\11eb8f32-a60f-4a02-b151-9a74e2907f63_origin.pdf,11eb8f32-a60f-4a02-b151-9a74e2907f63
C:\Projects\File_Util_App\processed_fdds\11f14bb8-9035-4eab-8889-da63e4da9f1c_origin.pdf,11f14bb8-9035-4eab-8889-da63e4da9f1c
C:\Projects\File_Util_App\processed_fdds\120d54b6-0e40-4e0d-b876-e2bec8a903e4_origin.pdf,120d54b6-0e40-4e0d-b876-e2bec8a903e4
C:\Projects\File_Util_App\processed_fdds\124ec7ec-0c0e-489c-9a66-329d04e207ae_origin.pdf,124ec7ec-0c0e-489c-9a66-329d04e207ae
C:\Projects\File_Util_App\processed_fdds\12748c3d-0c79-4acd-9c19-5d3b331216f5_origin.pdf,12748c3d-0c79-4acd-9c19-5d3b331216f5
C:\Projects\File_Util_App\processed_fdds\12950967-9679-47d3-9236-a21911adce6a_origin.pdf,12950967-9679-47d3-9236-a21911adce6a
C:\Projects\File_Util_App\processed_fdds\12eec25f-3426-4170-afbe-69c4dbf13891_origin.pdf,12eec25f-3426-4170-afbe-69c4dbf13891
C:\Projects\File_Util_App\processed_fdds\1330f640-3428-47ff-9f69-6032b850ecef_origin.pdf,1330f640-3428-47ff-9f69-6032b850ecef
C:\Projects\File_Util_App\processed_fdds\13bcd47d-9b54-466d-a0ee-b1c183a3b2da_origin.pdf,13bcd47d-9b54-466d-a0ee-b1c183a3b2da
C:\Projects\File_Util_App\processed_fdds\1431faeb-3118-4974-959a-c31ae3b0597f_origin.pdf,1431faeb-3118-4974-959a-c31ae3b0597f
C:\Projects\File_Util_App\processed_fdds\14b41f56-d2a8-475e-987c-3e99d586e156_origin.pdf,14b41f56-d2a8-475e-987c-3e99d586e156
C:\Projects\File_Util_App\processed_fdds\153124d9-9f61-4b38-a15f-e51c389432b6_origin.pdf,153124d9-9f61-4b38-a15f-e51c389432b6
C:\Projects\File_Util_App\processed_fdds\15fb90f8-aa67-4c42-be66-c65381e8a308_origin.pdf,15fb90f8-aa67-4c42-be66-c65381e8a308
C:\Projects\File_Util_App\processed_fdds\167e2b83-be7a-4a91-99d4-80956871a882_origin.pdf,167e2b83-be7a-4a91-99d4-80956871a882
C:\Projects\File_Util_App\processed_fdds\16906a90-173c-4266-bf5e-c709b06b69eb_origin.pdf,16906a90-173c-4266-bf5e-c709b06b69eb
C:\Projects\File_Util_App\processed_fdds\16f7b164-3957-43b2-ac0b-b8ee6837fe65_origin.pdf,16f7b164-3957-43b2-ac0b-b8ee6837fe65
C:\Projects\File_Util_App\processed_fdds\17260181-10bb-435b-8cfc-e95e59c596b5_origin.pdf,17260181-10bb-435b-8cfc-e95e59c596b5
C:\Projects\File_Util_App\processed_fdds\178db612-a1e5-44a5-8753-84be73929c82_origin.pdf,178db612-a1e5-44a5-8753-84be73929c82
C:\Projects\File_Util_App\processed_fdds\17f7fdaf-be12-449f-826d-dd7b7d9cc890_origin.pdf,17f7fdaf-be12-449f-826d-dd7b7d9cc890
C:\Projects\File_Util_App\processed_fdds\1806384b-11f3-4dd3-8454-ea985ed16247_origin.pdf,1806384b-11f3-4dd3-8454-ea985ed16247
C:\Projects\File_Util_App\processed_fdds\182749e8-9ffb-444e-948f-3162fa8b818a_origin.pdf,182749e8-9ffb-444e-948f-3162fa8b818a
C:\Projects\File_Util_App\processed_fdds\187fd77f-edbc-4297-b658-45b0b1515ee3_origin.pdf,187fd77f-edbc-4297-b658-45b0b1515ee3
C:\Projects\File_Util_App\processed_fdds\189b25f4-fb4a-48c3-9ee2-d6c93e4d3ae8_origin.pdf,189b25f4-fb4a-48c3-9ee2-d6c93e4d3ae8
C:\Projects\File_Util_App\processed_fdds\18a7064c-b2c0-4331-9a32-804c2c4813d1_origin.pdf,18a7064c-b2c0-4331-9a32-804c2c4813d1
C:\Projects\File_Util_App\processed_fdds\192acda5-e47a-44ce-8ad5-ecff4051e0e9_origin.pdf,192acda5-e47a-44ce-8ad5-ecff4051e0e9
C:\Projects\File_Util_App\processed_fdds\199524c0-3f73-405e-a873-9739e59be7e6_origin.pdf,199524c0-3f73-405e-a873-9739e59be7e6
C:\Projects\File_Util_App\processed_fdds\199f89fe-d2e0-4cc0-a480-92c766812d58_origin.pdf,199f89fe-d2e0-4cc0-a480-92c766812d58
C:\Projects\File_Util_App\processed_fdds\19b45df3-48af-4f08-bcad-66e87e0fbf6f_origin.pdf,19b45df3-48af-4f08-bcad-66e87e0fbf6f
C:\Projects\File_Util_App\processed_fdds\1a408530-6469-4acc-826f-ffae5482fcb2_origin.pdf,1a408530-6469-4acc-826f-ffae5482fcb2
C:\Projects\File_Util_App\processed_fdds\1a462f88-0eb6-4227-93e9-89b6498cb3c3_origin.pdf,1a462f88-0eb6-4227-93e9-89b6498cb3c3
C:\Projects\File_Util_App\processed_fdds\1a8dd3e7-e570-47f8-a589-30b3125c28ba_origin.pdf,1a8dd3e7-e570-47f8-a589-30b3125c28ba
C:\Projects\File_Util_App\processed_fdds\1a91d6ef-e738-4bca-a3f5-4bdab35938f9_origin.pdf,1a91d6ef-e738-4bca-a3f5-4bdab35938f9
C:\Projects\File_Util_App\processed_fdds\1b2726a6-1696-4640-bb6c-5debe1f60993_origin.pdf,1b2726a6-1696-4640-bb6c-5debe1f60993
C:\Projects\File_Util_App\processed_fdds\1b2fa54e-0c16-47f6-a6be-a80fa7f4d095_origin.pdf,1b2fa54e-0c16-47f6-a6be-a80fa7f4d095
C:\Projects\File_Util_App\processed_fdds\1b5be94b-c069-4774-aa4d-02db8bf005e7_origin.pdf,1b5be94b-c069-4774-aa4d-02db8bf005e7
C:\Projects\File_Util_App\processed_fdds\1b75c2ba-40a3-438a-89f0-ead29aea455b_origin.pdf,1b75c2ba-40a3-438a-89f0-ead29aea455b
C:\Projects\File_Util_App\processed_fdds\1bb9537e-d357-4ad8-8002-939e431fd168_origin.pdf,1bb9537e-d357-4ad8-8002-939e431fd168
C:\Projects\File_Util_App\processed_fdds\1be350dd-2aa6-44ee-b455-3208f6484c86_origin.pdf,1be350dd-2aa6-44ee-b455-3208f6484c86
C:\Projects\File_Util_App\processed_fdds\1c1b7ef4-43a7-44ff-be44-43a0af30f9b5_origin.pdf,1c1b7ef4-43a7-44ff-be44-43a0af30f9b5
C:\Projects\File_Util_App\processed_fdds\1c80986d-90d6-4db3-be6c-5bc90b5f02b8_origin.pdf,1c80986d-90d6-4db3-be6c-5bc90b5f02b8
C:\Projects\File_Util_App\processed_fdds\1ca2a648-c4d5-4c05-a82e-2025b908e875_origin.pdf,1ca2a648-c4d5-4c05-a82e-2025b908e875
C:\Projects\File_Util_App\processed_fdds\1d8f1828-53b9-46af-9d7e-e22fafe4ea1f_origin.pdf,1d8f1828-53b9-46af-9d7e-e22fafe4ea1f
C:\Projects\File_Util_App\processed_fdds\1e06ddc9-3d49-437d-9b89-b681b7a2e287_origin.pdf,1e06ddc9-3d49-437d-9b89-b681b7a2e287
C:\Projects\File_Util_App\processed_fdds\1e32965a-e217-492e-bcaf-d6523c2bbf48_origin.pdf,1e32965a-e217-492e-bcaf-d6523c2bbf48
C:\Projects\File_Util_App\processed_fdds\1e64b4ae-2ee6-4ab4-adb0-d72d42bbc047_origin.pdf,1e64b4ae-2ee6-4ab4-adb0-d72d42bbc047
C:\Projects\File_Util_App\processed_fdds\1f65202a-bbcc-4685-bc1b-a4bcf96b1d10_origin.pdf,1f65202a-bbcc-4685-bc1b-a4bcf96b1d10
C:\Projects\File_Util_App\processed_fdds\202764d2-bcf7-4350-8f03-eee63d202f82_origin.pdf,202764d2-bcf7-4350-8f03-eee63d202f82
C:\Projects\File_Util_App\processed_fdds\20496733-06d6-4d8d-b429-66d6cedcbadd_origin.pdf,20496733-06d6-4d8d-b429-66d6cedcbadd
C:\Projects\File_Util_App\processed_fdds\2081c2be-1f08-451f-8494-7661c51738d8_origin.pdf,2081c2be-1f08-451f-8494-7661c51738d8
C:\Projects\File_Util_App\processed_fdds\20b5b1a3-e742-4bed-8269-6b4d457c8c87_origin.pdf,20b5b1a3-e742-4bed-8269-6b4d457c8c87
C:\Projects\File_Util_App\processed_fdds\20e16b7d-ccdc-4db2-90c5-60b02cdda6bc_origin.pdf,20e16b7d-ccdc-4db2-90c5-60b02cdda6bc
C:\Projects\File_Util_App\processed_fdds\20f34700-e48b-4f00-bbab-1ba197e13e44_origin.pdf,20f34700-e48b-4f00-bbab-1ba197e13e44
C:\Projects\File_Util_App\processed_fdds\21438282-8b18-4d4d-8c0a-bb44b4a83e69_origin.pdf,21438282-8b18-4d4d-8c0a-bb44b4a83e69
C:\Projects\File_Util_App\processed_fdds\21c95ca4-1229-4fb5-8f96-79cf9a32e87b_origin.pdf,21c95ca4-1229-4fb5-8f96-79cf9a32e87b
C:\Projects\File_Util_App\processed_fdds\21eedf28-fe3b-49cb-bb0b-4941b96a11dc_origin.pdf,21eedf28-fe3b-49cb-bb0b-4941b96a11dc
C:\Projects\File_Util_App\processed_fdds\22e39ecd-a432-41fb-b948-c787794ced41_origin.pdf,22e39ecd-a432-41fb-b948-c787794ced41
C:\Projects\File_Util_App\processed_fdds\235dcfbd-361e-4387-9f21-d9705995d4df_origin.pdf,235dcfbd-361e-4387-9f21-d9705995d4df
C:\Projects\File_Util_App\processed_fdds\23cdea75-3cb2-45d0-863c-ca1de199a9dc_origin.pdf,23cdea75-3cb2-45d0-863c-ca1de199a9dc
C:\Projects\File_Util_App\processed_fdds\24435d9f-2d1b-46c4-8e22-51d51b58838a_origin.pdf,24435d9f-2d1b-46c4-8e22-51d51b58838a
C:\Projects\File_Util_App\processed_fdds\246c694c-38db-415d-9746-b37bec14a7af_origin.pdf,246c694c-38db-415d-9746-b37bec14a7af
C:\Projects\File_Util_App\processed_fdds\24c40bf0-8a61-48f3-bc21-fa1f328e18af_origin.pdf,24c40bf0-8a61-48f3-bc21-fa1f328e18af
C:\Projects\File_Util_App\processed_fdds\25f7a3e9-655d-4481-a791-143dfc7eb850_origin.pdf,25f7a3e9-655d-4481-a791-143dfc7eb850
C:\Projects\File_Util_App\processed_fdds\25fd0485-5785-4d56-b705-521220baaea5_origin.pdf,25fd0485-5785-4d56-b705-521220baaea5
C:\Projects\File_Util_App\processed_fdds\26e3f87d-3525-49ad-a1f7-b36898c4fcea_origin.pdf,26e3f87d-3525-49ad-a1f7-b36898c4fcea
C:\Projects\File_Util_App\processed_fdds\26e95cc9-b15a-4b9e-8641-8941b275ca3b_origin.pdf,26e95cc9-b15a-4b9e-8641-8941b275ca3b
C:\Projects\File_Util_App\processed_fdds\272476d7-6e05-415f-bcea-9ea01d8721ba_origin.pdf,272476d7-6e05-415f-bcea-9ea01d8721ba
C:\Projects\File_Util_App\processed_fdds\2755de89-41e7-46fb-af65-92f3b768c51d_origin.pdf,2755de89-41e7-46fb-af65-92f3b768c51d
C:\Projects\File_Util_App\processed_fdds\278da6b5-a08b-4a8f-8a16-bba1a2c0507b_origin.pdf,278da6b5-a08b-4a8f-8a16-bba1a2c0507b
C:\Projects\File_Util_App\processed_fdds\292d51bb-5599-479b-8506-2e9d2341b1ba_origin.pdf,292d51bb-5599-479b-8506-2e9d2341b1ba
C:\Projects\File_Util_App\processed_fdds\29be421e-527a-491d-b182-4f75195b0219_origin.pdf,29be421e-527a-491d-b182-4f75195b0219
C:\Projects\File_Util_App\processed_fdds\2a3e9c9f-3d5e-47f8-b001-70353a296a22_origin.pdf,2a3e9c9f-3d5e-47f8-b001-70353a296a22
C:\Projects\File_Util_App\processed_fdds\2a40946e-90ab-4014-886f-08de013123e1_origin.pdf,2a40946e-90ab-4014-886f-08de013123e1
C:\Projects\File_Util_App\processed_fdds\2a557836-de4c-4b82-a0eb-62d5cbf7cb24_origin.pdf,2a557836-de4c-4b82-a0eb-62d5cbf7cb24
C:\Projects\File_Util_App\processed_fdds\2ba916cf-54b9-4a0d-b3eb-4ec01cab2676_origin.pdf,2ba916cf-54b9-4a0d-b3eb-4ec01cab2676
C:\Projects\File_Util_App\processed_fdds\2bbc9ed1-9906-466b-aba1-370c62a3e587_origin.pdf,2bbc9ed1-9906-466b-aba1-370c62a3e587
C:\Projects\File_Util_App\processed_fdds\2bc86325-b5df-4dfe-8721-ce55b40f0a77_origin.pdf,2bc86325-b5df-4dfe-8721-ce55b40f0a77
C:\Projects\File_Util_App\processed_fdds\2c02002f-06f4-483b-8156-bb3af5f0f7ff_origin.pdf,2c02002f-06f4-483b-8156-bb3af5f0f7ff
C:\Projects\File_Util_App\processed_fdds\2c0a147a-9e58-4892-95c9-734030cf9a89_origin.pdf,2c0a147a-9e58-4892-95c9-734030cf9a89
C:\Projects\File_Util_App\processed_fdds\2c3790d2-3966-4b1d-b958-3d6e7c6a69da_origin.pdf,2c3790d2-3966-4b1d-b958-3d6e7c6a69da
C:\Projects\File_Util_App\processed_fdds\2c41a5de-ed3d-4f08-a233-11a3f721cf61_origin.pdf,2c41a5de-ed3d-4f08-a233-11a3f721cf61
C:\Projects\File_Util_App\processed_fdds\2c6ec247-f88a-43c3-909d-0c8cdd3ac867_origin.pdf,2c6ec247-f88a-43c3-909d-0c8cdd3ac867
C:\Projects\File_Util_App\processed_fdds\2cc6644e-80cb-4528-a107-30b686a83f52_origin.pdf,2cc6644e-80cb-4528-a107-30b686a83f52
C:\Projects\File_Util_App\processed_fdds\2d9900bf-130d-4638-a45f-8d3fc7bac8da_origin.pdf,2d9900bf-130d-4638-a45f-8d3fc7bac8da
C:\Projects\File_Util_App\processed_fdds\2dbe5664-8e71-4c59-a02b-f0eb19e1ba1e_origin.pdf,2dbe5664-8e71-4c59-a02b-f0eb19e1ba1e
C:\Projects\File_Util_App\processed_fdds\2dc9b9c7-54ff-4d4d-8dcf-f26b130e4821_origin.pdf,2dc9b9c7-54ff-4d4d-8dcf-f26b130e4821
C:\Projects\File_Util_App\processed_fdds\2e6ca844-192c-4a4d-becc-957330189cf4_origin.pdf,2e6ca844-192c-4a4d-becc-957330189cf4
C:\Projects\File_Util_App\processed_fdds\2f879a0f-e247-4049-9252-96a62764c6d9_origin.pdf,2f879a0f-e247-4049-9252-96a62764c6d9
C:\Projects\File_Util_App\processed_fdds\2fe5188d-8a69-4cae-bf52-39628d69db19_origin.pdf,2fe5188d-8a69-4cae-bf52-39628d69db19
C:\Projects\File_Util_App\processed_fdds\30318f02-4a1b-4575-93b0-efc9f83b41a6_origin.pdf,30318f02-4a1b-4575-93b0-efc9f83b41a6
C:\Projects\File_Util_App\processed_fdds\3034b629-37f7-48b2-884d-8bb43968f604_origin.pdf,3034b629-37f7-48b2-884d-8bb43968f604
C:\Projects\File_Util_App\processed_fdds\30776947-675f-42c9-b5fd-e32edf1e33aa_origin.pdf,30776947-675f-42c9-b5fd-e32edf1e33aa
C:\Projects\File_Util_App\processed_fdds\311d3ac3-78eb-47c5-9623-a5e35a08a067_origin.pdf,311d3ac3-78eb-47c5-9623-a5e35a08a067
C:\Projects\File_Util_App\processed_fdds\316c0391-e5f3-4470-9fde-d00eec19bb57_origin.pdf,316c0391-e5f3-4470-9fde-d00eec19bb57
C:\Projects\File_Util_App\processed_fdds\326b4360-c415-4a84-93cc-22bf7bcac8e4_origin.pdf,326b4360-c415-4a84-93cc-22bf7bcac8e4
C:\Projects\File_Util_App\processed_fdds\32ba1def-49b9-41c2-b76e-7e89bf4b7e3f_origin.pdf,32ba1def-49b9-41c2-b76e-7e89bf4b7e3f
C:\Projects\File_Util_App\processed_fdds\32c7b767-7fac-464b-9ef3-1425b0c6a979_origin.pdf,32c7b767-7fac-464b-9ef3-1425b0c6a979
C:\Projects\File_Util_App\processed_fdds\32ca0539-33fb-4638-b2e7-93b4575b92f3_origin.pdf,32ca0539-33fb-4638-b2e7-93b4575b92f3
C:\Projects\File_Util_App\processed_fdds\32f31633-b9a1-40f3-ba59-0c1d298b8a09_origin.pdf,32f31633-b9a1-40f3-ba59-0c1d298b8a09
C:\Projects\File_Util_App\processed_fdds\32f87869-8792-4e70-8cdc-0d602190ab47_origin.pdf,32f87869-8792-4e70-8cdc-0d602190ab47
C:\Projects\File_Util_App\processed_fdds\3365c981-38b3-4614-b05e-7e89207cd06c_origin.pdf,3365c981-38b3-4614-b05e-7e89207cd06c
C:\Projects\File_Util_App\processed_fdds\337bcdca-6bbf-4608-96e5-539cd8c69d32_origin.pdf,337bcdca-6bbf-4608-96e5-539cd8c69d32
C:\Projects\File_Util_App\processed_fdds\33ea2d99-5d7a-4e82-9e95-ea74c94297f1_origin.pdf,33ea2d99-5d7a-4e82-9e95-ea74c94297f1
C:\Projects\File_Util_App\processed_fdds\343242dd-3aab-4d9a-ad39-4eed3c203f14_origin.pdf,343242dd-3aab-4d9a-ad39-4eed3c203f14
C:\Projects\File_Util_App\processed_fdds\3482db96-3b35-46ac-9e55-545debf1bf0d_origin.pdf,3482db96-3b35-46ac-9e55-545debf1bf0d
C:\Projects\File_Util_App\processed_fdds\34845197-8b60-4452-ab31-cba84c5aaba0_origin.pdf,34845197-8b60-4452-ab31-cba84c5aaba0
C:\Projects\File_Util_App\processed_fdds\348acb79-5ecd-445f-8dc5-94d5f891daa0_origin.pdf,348acb79-5ecd-445f-8dc5-94d5f891daa0
C:\Projects\File_Util_App\processed_fdds\34988693-5e7d-4fa5-ab9a-5b3bf9f01b4a_origin.pdf,34988693-5e7d-4fa5-ab9a-5b3bf9f01b4a
C:\Projects\File_Util_App\processed_fdds\3511e276-fe2f-4cd3-9a14-784128d579ce_origin.pdf,3511e276-fe2f-4cd3-9a14-784128d579ce
C:\Projects\File_Util_App\processed_fdds\3531f3fa-f40f-43a2-b5d0-8cc1d4351cbc_origin.pdf,3531f3fa-f40f-43a2-b5d0-8cc1d4351cbc
C:\Projects\File_Util_App\processed_fdds\354db6f5-dd39-41b1-bb44-c2d1cb39f2eb_origin.pdf,354db6f5-dd39-41b1-bb44-c2d1cb39f2eb
C:\Projects\File_Util_App\processed_fdds\35a34b6f-e013-4717-a24a-908b0d139ec2_origin.pdf,35a34b6f-e013-4717-a24a-908b0d139ec2
C:\Projects\File_Util_App\processed_fdds\35a55e6c-22f8-45cb-9da3-5ec40c1a7ef9_origin.pdf,35a55e6c-22f8-45cb-9da3-5ec40c1a7ef9
C:\Projects\File_Util_App\processed_fdds\35c76743-ac90-4b6d-b2a3-b28b0da6a058_origin.pdf,35c76743-ac90-4b6d-b2a3-b28b0da6a058
C:\Projects\File_Util_App\processed_fdds\360886b0-f98d-4aad-a993-a1dfa11e5ea2_origin.pdf,360886b0-f98d-4aad-a993-a1dfa11e5ea2
C:\Projects\File_Util_App\processed_fdds\36123c3f-18ca-4a0b-82a7-79edd4eaf1c5_origin.pdf,36123c3f-18ca-4a0b-82a7-79edd4eaf1c5
C:\Projects\File_Util_App\processed_fdds\36a63243-3f28-45d0-bc61-a71d0aa8a30e_origin.pdf,36a63243-3f28-45d0-bc61-a71d0aa8a30e
C:\Projects\File_Util_App\processed_fdds\36b3b7b0-a0f0-4bfe-ac7f-514cfe281476_origin.pdf,36b3b7b0-a0f0-4bfe-ac7f-514cfe281476
C:\Projects\File_Util_App\processed_fdds\37131c73-10a7-436f-a66f-bc54afbf9c48_origin.pdf,37131c73-10a7-436f-a66f-bc54afbf9c48
C:\Projects\File_Util_App\processed_fdds\3749f760-57de-4321-ad3e-92a157c6daa9_origin.pdf,3749f760-57de-4321-ad3e-92a157c6daa9
C:\Projects\File_Util_App\processed_fdds\3753b979-626b-4974-b536-ded785f81e69_origin.pdf,3753b979-626b-4974-b536-ded785f81e69
C:\Projects\File_Util_App\processed_fdds\376480ea-3399-4510-a1f4-6624cfd07fe1_origin.pdf,376480ea-3399-4510-a1f4-6624cfd07fe1
C:\Projects\File_Util_App\processed_fdds\376a6567-d22b-4c60-8d2c-3c1889ef95a1_origin.pdf,376a6567-d22b-4c60-8d2c-3c1889ef95a1
C:\Projects\File_Util_App\processed_fdds\37bf09d1-a81c-4779-b656-a3a8d6881723_origin.pdf,37bf09d1-a81c-4779-b656-a3a8d6881723
C:\Projects\File_Util_App\processed_fdds\383876c0-6a3e-4e3b-a681-f69fce9d8ec9_origin.pdf,383876c0-6a3e-4e3b-a681-f69fce9d8ec9
C:\Projects\File_Util_App\processed_fdds\38cbd07d-c7c4-48f5-ab66-482aea02b1ba_origin.pdf,38cbd07d-c7c4-48f5-ab66-482aea02b1ba
C:\Projects\File_Util_App\processed_fdds\39152bcb-e14c-4d84-a265-671081bc76ad_origin.pdf,39152bcb-e14c-4d84-a265-671081bc76ad
C:\Projects\File_Util_App\processed_fdds\39820709-6a02-4c1f-bd6e-960b9c7be59c_origin.pdf,39820709-6a02-4c1f-bd6e-960b9c7be59c
C:\Projects\File_Util_App\processed_fdds\39eacc85-68c6-4824-876e-ee458a3c9af4_origin.pdf,39eacc85-68c6-4824-876e-ee458a3c9af4
C:\Projects\File_Util_App\processed_fdds\3a2f40dd-438e-41e6-b430-cf041e824ad3_origin.pdf,3a2f40dd-438e-41e6-b430-cf041e824ad3
C:\Projects\File_Util_App\processed_fdds\3a69bbcd-9027-453d-9084-82e7f48995cd_origin.pdf,3a69bbcd-9027-453d-9084-82e7f48995cd
C:\Projects\File_Util_App\processed_fdds\3c880df5-105e-4e55-a4e9-03e050c296e2_origin.pdf,3c880df5-105e-4e55-a4e9-03e050c296e2
C:\Projects\File_Util_App\processed_fdds\3cb059eb-65a2-49ed-90e8-3f6f13cb888d_origin.pdf,3cb059eb-65a2-49ed-90e8-3f6f13cb888d
C:\Projects\File_Util_App\processed_fdds\3cc2f1fb-9265-45ba-9a36-1c0758bffd1b_origin.pdf,3cc2f1fb-9265-45ba-9a36-1c0758bffd1b
C:\Projects\File_Util_App\processed_fdds\3d15c0ca-539a-4c9b-be6f-158d5b62f7eb_origin.pdf,3d15c0ca-539a-4c9b-be6f-158d5b62f7eb
C:\Projects\File_Util_App\processed_fdds\3d42cb30-0a53-4c3f-9199-c817ea016be3_origin.pdf,3d42cb30-0a53-4c3f-9199-c817ea016be3
C:\Projects\File_Util_App\processed_fdds\3e4e9b62-f352-48f2-a207-60b5560ee251_origin.pdf,3e4e9b62-f352-48f2-a207-60b5560ee251
C:\Projects\File_Util_App\processed_fdds\3ed216d4-9717-4f60-a3e3-1339ec0ca809_origin.pdf,3ed216d4-9717-4f60-a3e3-1339ec0ca809
C:\Projects\File_Util_App\processed_fdds\3f106b63-70e9-4ab2-8451-77d5cbc1e7e9_origin.pdf,3f106b63-70e9-4ab2-8451-77d5cbc1e7e9
C:\Projects\File_Util_App\processed_fdds\3f3f1c20-8cf9-470b-8473-cfcf0f01af81_origin.pdf,3f3f1c20-8cf9-470b-8473-cfcf0f01af81
C:\Projects\File_Util_App\processed_fdds\3f518d14-db5b-4ed2-9049-bcd5795b6986_origin.pdf,3f518d14-db5b-4ed2-9049-bcd5795b6986
C:\Projects\File_Util_App\processed_fdds\3f69f62f-a694-4a58-a2ca-e64b36e35d9c_origin.pdf,3f69f62f-a694-4a58-a2ca-e64b36e35d9c
C:\Projects\File_Util_App\processed_fdds\3f7b876f-47ad-4490-beb5-d093c237e658_origin.pdf,3f7b876f-47ad-4490-beb5-d093c237e658
C:\Projects\File_Util_App\processed_fdds\3f8f59b1-fe4c-413d-809c-7da6e12cca43_origin.pdf,3f8f59b1-fe4c-413d-809c-7da6e12cca43
C:\Projects\File_Util_App\processed_fdds\3fbbafd9-c74c-45dd-a776-1c8f1e00acf6_origin.pdf,3fbbafd9-c74c-45dd-a776-1c8f1e00acf6
C:\Projects\File_Util_App\processed_fdds\3ff13978-c7e9-439b-a9e6-3882236ed495_origin.pdf,3ff13978-c7e9-439b-a9e6-3882236ed495
C:\Projects\File_Util_App\processed_fdds\3ff2cff3-2fd7-41c3-ab5e-c0c29669bb06_origin.pdf,3ff2cff3-2fd7-41c3-ab5e-c0c29669bb06
C:\Projects\File_Util_App\processed_fdds\40bdada4-afbe-4c14-b196-4d9c9cbc5d85_origin.pdf,40bdada4-afbe-4c14-b196-4d9c9cbc5d85
C:\Projects\File_Util_App\processed_fdds\40bea4b8-7d67-496c-8aaf-018d25c9f217_origin.pdf,40bea4b8-7d67-496c-8aaf-018d25c9f217
C:\Projects\File_Util_App\processed_fdds\4105052a-1054-4726-90b4-b735d0a21a4d_origin.pdf,4105052a-1054-4726-90b4-b735d0a21a4d
C:\Projects\File_Util_App\processed_fdds\4173889c-5d24-4cf0-86d5-e4e59bae288a_origin.pdf,4173889c-5d24-4cf0-86d5-e4e59bae288a
C:\Projects\File_Util_App\processed_fdds\4246223a-e6ba-4fdd-9282-89c730a944f1_origin.pdf,4246223a-e6ba-4fdd-9282-89c730a944f1
C:\Projects\File_Util_App\processed_fdds\42c8db2f-b66d-4049-80ef-7409024b182f_origin.pdf,42c8db2f-b66d-4049-80ef-7409024b182f
C:\Projects\File_Util_App\processed_fdds\430a39fa-3882-451a-9cc7-d83e87147490_origin.pdf,430a39fa-3882-451a-9cc7-d83e87147490
C:\Projects\File_Util_App\processed_fdds\433b882c-b0d4-41b5-93f3-43f4cbed0baf_origin.pdf,433b882c-b0d4-41b5-93f3-43f4cbed0baf
C:\Projects\File_Util_App\processed_fdds\4410ce64-ae66-43a5-a0d1-96e90f46a824_origin.pdf,4410ce64-ae66-43a5-a0d1-96e90f46a824
C:\Projects\File_Util_App\processed_fdds\44937e47-bda8-44aa-ada4-81d7e3ca62fd_origin.pdf,44937e47-bda8-44aa-ada4-81d7e3ca62fd
C:\Projects\File_Util_App\processed_fdds\44f99abb-522a-4fa3-8de9-8fb99178e013_origin.pdf,44f99abb-522a-4fa3-8de9-8fb99178e013
C:\Projects\File_Util_App\processed_fdds\44fa6668-f2bc-4bd9-abc5-30c8f935eaa6_origin.pdf,44fa6668-f2bc-4bd9-abc5-30c8f935eaa6
C:\Projects\File_Util_App\processed_fdds\45421164-6d81-4963-a56f-5eff49498693_origin.pdf,45421164-6d81-4963-a56f-5eff49498693
C:\Projects\File_Util_App\processed_fdds\45782b51-29eb-4320-9e70-485fff698c49_origin.pdf,45782b51-29eb-4320-9e70-485fff698c49
C:\Projects\File_Util_App\processed_fdds\45af9045-9227-43ae-962d-6b1da7931562_origin.pdf,45af9045-9227-43ae-962d-6b1da7931562
C:\Projects\File_Util_App\processed_fdds\4624290b-fda8-41f7-9614-42c615b02c64_origin.pdf,4624290b-fda8-41f7-9614-42c615b02c64
C:\Projects\File_Util_App\processed_fdds\46486878-e1de-4791-9821-c128b0c59bcd_origin.pdf,46486878-e1de-4791-9821-c128b0c59bcd
C:\Projects\File_Util_App\processed_fdds\46d46b38-2375-4779-8c0b-42d1e5fd5b23_origin.pdf,46d46b38-2375-4779-8c0b-42d1e5fd5b23
C:\Projects\File_Util_App\processed_fdds\46eab888-ead1-4017-aa86-c830f58867be_origin.pdf,46eab888-ead1-4017-aa86-c830f58867be
C:\Projects\File_Util_App\processed_fdds\473ee251-cf59-4a95-89ca-f8b295088587_origin.pdf,473ee251-cf59-4a95-89ca-f8b295088587
C:\Projects\File_Util_App\processed_fdds\47aef4c0-7e7a-4ae2-979c-21afeac0ca7e_origin.pdf,47aef4c0-7e7a-4ae2-979c-21afeac0ca7e
C:\Projects\File_Util_App\processed_fdds\486fe181-e298-4102-8358-8aaa129165a8_origin.pdf,486fe181-e298-4102-8358-8aaa129165a8
C:\Projects\File_Util_App\processed_fdds\49183bab-92f5-45d6-a9ba-adfdfb462cd8_origin.pdf,49183bab-92f5-45d6-a9ba-adfdfb462cd8
C:\Projects\File_Util_App\processed_fdds\4a206473-d727-4e66-9791-44b76e2fca5a_origin.pdf,4a206473-d727-4e66-9791-44b76e2fca5a
C:\Projects\File_Util_App\processed_fdds\4a95d1df-d34f-4403-ad65-2cf9ba4d89ce_origin.pdf,4a95d1df-d34f-4403-ad65-2cf9ba4d89ce
C:\Projects\File_Util_App\processed_fdds\4ada5287-6104-4b7f-9b74-133c9d2215e3_origin.pdf,4ada5287-6104-4b7f-9b74-133c9d2215e3
C:\Projects\File_Util_App\processed_fdds\4aec2c06-1631-4d8a-8c62-32e2a35bc370_origin.pdf,4aec2c06-1631-4d8a-8c62-32e2a35bc370
C:\Projects\File_Util_App\processed_fdds\4b08b452-128c-40fe-8564-100f3dc3cc24_origin.pdf,4b08b452-128c-40fe-8564-100f3dc3cc24
C:\Projects\File_Util_App\processed_fdds\4ddcdd85-d2ed-4909-9f9b-fb72d7d525c1_origin.pdf,4ddcdd85-d2ed-4909-9f9b-fb72d7d525c1
C:\Projects\File_Util_App\processed_fdds\4e0ee6fa-a7a9-4800-b88c-26f793139047_origin.pdf,4e0ee6fa-a7a9-4800-b88c-26f793139047
C:\Projects\File_Util_App\processed_fdds\4e1f1085-fcca-41fe-8de3-6a8311f1ba59_origin.pdf,4e1f1085-fcca-41fe-8de3-6a8311f1ba59
C:\Projects\File_Util_App\processed_fdds\4e78c72f-a16f-4602-a225-579db1188a98_origin.pdf,4e78c72f-a16f-4602-a225-579db1188a98
C:\Projects\File_Util_App\processed_fdds\4ea58f87-0cfa-4545-bdbd-98e6ad8587f2_origin.pdf,4ea58f87-0cfa-4545-bdbd-98e6ad8587f2
C:\Projects\File_Util_App\processed_fdds\4ed3cfe5-eae4-4492-b655-fea3b8de77f3_origin.pdf,4ed3cfe5-eae4-4492-b655-fea3b8de77f3
C:\Projects\File_Util_App\processed_fdds\4f530b57-aff0-49bc-80bd-e4069a526c8a_origin.pdf,4f530b57-aff0-49bc-80bd-e4069a526c8a
C:\Projects\File_Util_App\processed_fdds\4faa9ebd-0b00-468e-be81-363d1b64517e_origin.pdf,4faa9ebd-0b00-468e-be81-363d1b64517e
C:\Projects\File_Util_App\processed_fdds\4fdb1367-77c9-41e2-959b-3164b51025a1_origin.pdf,4fdb1367-77c9-41e2-959b-3164b51025a1
C:\Projects\File_Util_App\processed_fdds\508b71e6-3663-4877-94bc-64f4a5fd6bff_origin.pdf,508b71e6-3663-4877-94bc-64f4a5fd6bff
C:\Projects\File_Util_App\processed_fdds\508fefae-a136-48da-b071-a8a8733af3b4_origin.pdf,508fefae-a136-48da-b071-a8a8733af3b4
C:\Projects\File_Util_App\processed_fdds\50c0d9a3-dc31-4993-93ad-ec0acb3da75d_origin.pdf,50c0d9a3-dc31-4993-93ad-ec0acb3da75d
C:\Projects\File_Util_App\processed_fdds\5192b6f9-7d48-42d7-a6d2-de3cb8ec6c6f_origin.pdf,5192b6f9-7d48-42d7-a6d2-de3cb8ec6c6f
C:\Projects\File_Util_App\processed_fdds\51fad137-a8aa-42df-b252-66fe77a50aa4_origin.pdf,51fad137-a8aa-42df-b252-66fe77a50aa4
C:\Projects\File_Util_App\processed_fdds\5270b01d-3dcb-4ed0-9b81-2ffa372ed627_origin.pdf,5270b01d-3dcb-4ed0-9b81-2ffa372ed627
C:\Projects\File_Util_App\processed_fdds\527bf131-33d6-429b-9843-0fb2ed3dfcf2_origin.pdf,527bf131-33d6-429b-9843-0fb2ed3dfcf2
C:\Projects\File_Util_App\processed_fdds\52de2d2b-b8d9-42cd-95c8-27d32b50bc06_origin.pdf,52de2d2b-b8d9-42cd-95c8-27d32b50bc06
C:\Projects\File_Util_App\processed_fdds\533f8f09-573e-46da-901e-36cc19b2c137_origin.pdf,533f8f09-573e-46da-901e-36cc19b2c137
C:\Projects\File_Util_App\processed_fdds\538eb9d5-1701-4aca-8b54-2bb3247eb473_origin.pdf,538eb9d5-1701-4aca-8b54-2bb3247eb473
C:\Projects\File_Util_App\processed_fdds\53b624f9-6466-4fdb-9a88-4f3346c3d701_origin.pdf,53b624f9-6466-4fdb-9a88-4f3346c3d701
C:\Projects\File_Util_App\processed_fdds\53f20888-d6f6-475b-be63-cdf50314ca41_origin.pdf,53f20888-d6f6-475b-be63-cdf50314ca41
C:\Projects\File_Util_App\processed_fdds\542abd93-4f46-4f4c-85df-5777095fa785_origin.pdf,542abd93-4f46-4f4c-85df-5777095fa785
C:\Projects\File_Util_App\processed_fdds\544d8e5e-4961-4779-9a01-0714bc8b3ba2_origin.pdf,544d8e5e-4961-4779-9a01-0714bc8b3ba2
C:\Projects\File_Util_App\processed_fdds\545f31da-237c-4051-ac87-5d1d59279f39_origin.pdf,545f31da-237c-4051-ac87-5d1d59279f39
C:\Projects\File_Util_App\processed_fdds\54ccd2a4-db4d-4a1b-935c-6913b9a9072a_origin.pdf,54ccd2a4-db4d-4a1b-935c-6913b9a9072a
C:\Projects\File_Util_App\processed_fdds\554d7a03-5043-41c0-8fa5-d1efa661e975_origin.pdf,554d7a03-5043-41c0-8fa5-d1efa661e975
C:\Projects\File_Util_App\processed_fdds\55d4a438-dcc2-40f6-80ab-f696082a32d4_origin.pdf,55d4a438-dcc2-40f6-80ab-f696082a32d4
C:\Projects\File_Util_App\processed_fdds\561e6e8e-6a73-47d2-825b-65fceaed8783_origin.pdf,561e6e8e-6a73-47d2-825b-65fceaed8783
C:\Projects\File_Util_App\processed_fdds\563f5d2d-5268-42a2-8c8b-99797a437f41_origin.pdf,563f5d2d-5268-42a2-8c8b-99797a437f41
C:\Projects\File_Util_App\processed_fdds\587fba7f-691c-4b7b-ad4c-f188ff4ca348_origin.pdf,587fba7f-691c-4b7b-ad4c-f188ff4ca348
C:\Projects\File_Util_App\processed_fdds\58802df6-4722-49d0-8e07-b7a154e9f927_origin.pdf,58802df6-4722-49d0-8e07-b7a154e9f927
C:\Projects\File_Util_App\processed_fdds\588869e2-704b-4846-bf34-4c8086897702_origin.pdf,588869e2-704b-4846-bf34-4c8086897702
C:\Projects\File_Util_App\processed_fdds\589e0c85-7356-4258-aa0f-23c12123504f_origin.pdf,589e0c85-7356-4258-aa0f-23c12123504f
C:\Projects\File_Util_App\processed_fdds\59984ca4-256b-4011-b827-0a48271f2115_origin.pdf,59984ca4-256b-4011-b827-0a48271f2115
C:\Projects\File_Util_App\processed_fdds\5a2f42f5-3be5-4d9e-bbdc-2f7b870965cb_origin.pdf,5a2f42f5-3be5-4d9e-bbdc-2f7b870965cb
C:\Projects\File_Util_App\processed_fdds\5adcfcae-f7de-49e0-893e-e007d7650e74_origin.pdf,5adcfcae-f7de-49e0-893e-e007d7650e74
C:\Projects\File_Util_App\processed_fdds\5b620060-ddd6-46a4-b77f-b31e0101e165_origin.pdf,5b620060-ddd6-46a4-b77f-b31e0101e165
C:\Projects\File_Util_App\processed_fdds\5b9d785b-ead4-40b1-9408-d83a1451ed9c_origin.pdf,5b9d785b-ead4-40b1-9408-d83a1451ed9c
C:\Projects\File_Util_App\processed_fdds\5ba8583e-5012-451a-9113-9dd99a27765d_origin.pdf,5ba8583e-5012-451a-9113-9dd99a27765d
C:\Projects\File_Util_App\processed_fdds\5c4732d6-553a-41b0-b03d-b5367c9ca0c9_origin.pdf,5c4732d6-553a-41b0-b03d-b5367c9ca0c9
C:\Projects\File_Util_App\processed_fdds\5c6d95df-af4c-4f50-9123-cdbe6d3feb6f_origin.pdf,5c6d95df-af4c-4f50-9123-cdbe6d3feb6f
C:\Projects\File_Util_App\processed_fdds\5c7115ab-bd60-4db8-be8f-5404b2ba53f0_origin.pdf,5c7115ab-bd60-4db8-be8f-5404b2ba53f0
C:\Projects\File_Util_App\processed_fdds\5c9d0f7f-1b38-4d33-91e3-2529616afe26_origin.pdf,5c9d0f7f-1b38-4d33-91e3-2529616afe26
C:\Projects\File_Util_App\processed_fdds\5ce6cdf8-ec9e-4d3d-8a94-3a7e6e94ce87_origin.pdf,5ce6cdf8-ec9e-4d3d-8a94-3a7e6e94ce87
C:\Projects\File_Util_App\processed_fdds\5d5d8543-e88b-4b2b-b9e9-adbb934fab15_origin.pdf,5d5d8543-e88b-4b2b-b9e9-adbb934fab15
C:\Projects\File_Util_App\processed_fdds\5e6be99f-433c-4a95-9733-5c1ef33b13c0_origin.pdf,5e6be99f-433c-4a95-9733-5c1ef33b13c0
C:\Projects\File_Util_App\processed_fdds\5f1a7221-71a3-4d1f-b9ad-40b2a66dcad6_origin.pdf,5f1a7221-71a3-4d1f-b9ad-40b2a66dcad6
C:\Projects\File_Util_App\processed_fdds\5f8dd860-337a-490c-97cb-c83618da733a_origin.pdf,5f8dd860-337a-490c-97cb-c83618da733a
C:\Projects\File_Util_App\processed_fdds\5fc90b92-7de2-47c5-9c6f-2707edb0fc4d_origin.pdf,5fc90b92-7de2-47c5-9c6f-2707edb0fc4d
C:\Projects\File_Util_App\processed_fdds\603b34de-2207-4008-a9a5-8871a71e4fdb_origin.pdf,603b34de-2207-4008-a9a5-8871a71e4fdb
C:\Projects\File_Util_App\processed_fdds\60554cdd-6c12-4c0e-9d70-447cb15a285e_origin.pdf,60554cdd-6c12-4c0e-9d70-447cb15a285e
C:\Projects\File_Util_App\processed_fdds\60e5dbe2-7bc6-4992-adba-ee56071b9708_origin.pdf,60e5dbe2-7bc6-4992-adba-ee56071b9708
C:\Projects\File_Util_App\processed_fdds\61292d5b-7478-4c33-a349-2090c8392138_origin.pdf,61292d5b-7478-4c33-a349-2090c8392138
C:\Projects\File_Util_App\processed_fdds\6137365d-5173-45f0-8ccc-fef6e7fb4d68_origin.pdf,6137365d-5173-45f0-8ccc-fef6e7fb4d68
C:\Projects\File_Util_App\processed_fdds\619b8dcd-7f17-473f-bfe8-02eb78b43821_origin.pdf,619b8dcd-7f17-473f-bfe8-02eb78b43821
C:\Projects\File_Util_App\processed_fdds\61c3fd39-ddcd-4042-8910-14e8b34f2f77_origin.pdf,61c3fd39-ddcd-4042-8910-14e8b34f2f77
C:\Projects\File_Util_App\processed_fdds\61eee3a5-bad4-44d8-a416-e3d56eaf8213_origin.pdf,61eee3a5-bad4-44d8-a416-e3d56eaf8213
C:\Projects\File_Util_App\processed_fdds\621c0b45-d56d-4e52-8e24-c45a8f3d4c43_origin.pdf,621c0b45-d56d-4e52-8e24-c45a8f3d4c43
C:\Projects\File_Util_App\processed_fdds\621dc270-4f62-4c6d-aa47-cf40ea31d0c4_origin.pdf,621dc270-4f62-4c6d-aa47-cf40ea31d0c4
C:\Projects\File_Util_App\processed_fdds\62f4992c-cbc8-4f01-90eb-164857b7a156_origin.pdf,62f4992c-cbc8-4f01-90eb-164857b7a156
C:\Projects\File_Util_App\processed_fdds\6325eb17-2243-435b-a492-3ffb08c5cb18_origin.pdf,6325eb17-2243-435b-a492-3ffb08c5cb18
C:\Projects\File_Util_App\processed_fdds\647c3e63-7141-48e0-827b-63ee12ef9db6_origin.pdf,647c3e63-7141-48e0-827b-63ee12ef9db6
C:\Projects\File_Util_App\processed_fdds\64bf0189-e91e-4428-80f0-f2d3c326514f_origin.pdf,64bf0189-e91e-4428-80f0-f2d3c326514f
C:\Projects\File_Util_App\processed_fdds\64eb3ac4-6f69-46f1-87e8-8da96fee0e8a_origin.pdf,64eb3ac4-6f69-46f1-87e8-8da96fee0e8a
C:\Projects\File_Util_App\processed_fdds\651c1e59-03f7-4a60-af00-594d1ad69b3b_origin.pdf,651c1e59-03f7-4a60-af00-594d1ad69b3b
C:\Projects\File_Util_App\processed_fdds\6600fc54-f84d-4be0-97d8-2790318db448_origin.pdf,6600fc54-f84d-4be0-97d8-2790318db448
C:\Projects\File_Util_App\processed_fdds\660d4209-af33-4438-9b5a-2778069f8ef5_origin.pdf,660d4209-af33-4438-9b5a-2778069f8ef5
C:\Projects\File_Util_App\processed_fdds\66577d18-be7a-46c4-aeb4-a90f560a330c_origin.pdf,66577d18-be7a-46c4-aeb4-a90f560a330c
C:\Projects\File_Util_App\processed_fdds\667e541e-ce71-4ac1-8189-a3ac405204ea_origin.pdf,667e541e-ce71-4ac1-8189-a3ac405204ea
C:\Projects\File_Util_App\processed_fdds\6681d225-1bd3-423c-9475-817eb2149f09_origin.pdf,6681d225-1bd3-423c-9475-817eb2149f09
C:\Projects\File_Util_App\processed_fdds\66a2203a-12ca-48c5-b443-cf4668675a9c_origin.pdf,66a2203a-12ca-48c5-b443-cf4668675a9c
C:\Projects\File_Util_App\processed_fdds\66c42de6-a8ee-49a5-9eb1-a7692946511b_origin.pdf,66c42de6-a8ee-49a5-9eb1-a7692946511b
C:\Projects\File_Util_App\processed_fdds\67544e5a-5acc-47bf-af60-9da47a8c2647_origin.pdf,67544e5a-5acc-47bf-af60-9da47a8c2647
C:\Projects\File_Util_App\processed_fdds\67659f46-e76c-45b0-bb7d-9ba56b003ebd_origin.pdf,67659f46-e76c-45b0-bb7d-9ba56b003ebd
C:\Projects\File_Util_App\processed_fdds\6821f346-1eb7-4983-8a2a-e57055bed8c4_origin.pdf,6821f346-1eb7-4983-8a2a-e57055bed8c4
C:\Projects\File_Util_App\processed_fdds\682e2122-03e7-4400-a0fc-66f870dec7af_origin.pdf,682e2122-03e7-4400-a0fc-66f870dec7af
C:\Projects\File_Util_App\processed_fdds\683d2ae5-bb95-4ae1-a6b0-070d0e346cea_origin.pdf,683d2ae5-bb95-4ae1-a6b0-070d0e346cea
C:\Projects\File_Util_App\processed_fdds\6859aa30-a184-4e74-8239-b58e646e5a9d_origin.pdf,6859aa30-a184-4e74-8239-b58e646e5a9d
C:\Projects\File_Util_App\processed_fdds\68e89207-e308-4db4-a309-b2ca30d4ac0f_origin.pdf,68e89207-e308-4db4-a309-b2ca30d4ac0f
C:\Projects\File_Util_App\processed_fdds\6920b2a0-49c8-481d-a8b5-6c97a09f85da_origin.pdf,6920b2a0-49c8-481d-a8b5-6c97a09f85da
C:\Projects\File_Util_App\processed_fdds\692fd91d-842d-4c25-9a1d-d05ef26d73a4_origin.pdf,692fd91d-842d-4c25-9a1d-d05ef26d73a4
C:\Projects\File_Util_App\processed_fdds\693d3075-1012-45a3-af43-aef2c6579655_origin.pdf,693d3075-1012-45a3-af43-aef2c6579655
C:\Projects\File_Util_App\processed_fdds\6940ba21-e7d2-4137-959d-c5b0ee6bf093_origin.pdf,6940ba21-e7d2-4137-959d-c5b0ee6bf093
C:\Projects\File_Util_App\processed_fdds\69c3eb08-0ce9-4659-8574-6a3951cdeb5c_origin.pdf,69c3eb08-0ce9-4659-8574-6a3951cdeb5c
C:\Projects\File_Util_App\processed_fdds\6a199f6d-8305-472d-a235-a88a19d4b89b_origin.pdf,6a199f6d-8305-472d-a235-a88a19d4b89b
C:\Projects\File_Util_App\processed_fdds\6a46e8d5-e133-4da2-aabd-b8b232b61c97_origin.pdf,6a46e8d5-e133-4da2-aabd-b8b232b61c97
C:\Projects\File_Util_App\processed_fdds\6a5aa616-dbe7-4233-b2dc-dc63377f22b7_origin.pdf,6a5aa616-dbe7-4233-b2dc-dc63377f22b7
C:\Projects\File_Util_App\processed_fdds\6c9ed3e2-9a0c-499c-bfa4-1229912a5c73_origin.pdf,6c9ed3e2-9a0c-499c-bfa4-1229912a5c73
C:\Projects\File_Util_App\processed_fdds\6d57825e-b1ec-487e-a857-7df76e8ef10a_origin.pdf,6d57825e-b1ec-487e-a857-7df76e8ef10a
C:\Projects\File_Util_App\processed_fdds\6d71d18b-51e1-4789-9aa6-a8092d51f1ae_origin.pdf,6d71d18b-51e1-4789-9aa6-a8092d51f1ae
C:\Projects\File_Util_App\processed_fdds\6d8e930e-5536-43cf-ac5f-5b266761f563_origin.pdf,6d8e930e-5536-43cf-ac5f-5b266761f563
C:\Projects\File_Util_App\processed_fdds\6de31e79-fabe-4ef5-9f7a-55b260857475_origin.pdf,6de31e79-fabe-4ef5-9f7a-55b260857475
C:\Projects\File_Util_App\processed_fdds\6e392aad-7458-49a0-ab97-39886dbcd5fc_origin.pdf,6e392aad-7458-49a0-ab97-39886dbcd5fc
C:\Projects\File_Util_App\processed_fdds\6e3e099b-44fd-434e-84ba-8d9e52969df4_origin.pdf,6e3e099b-44fd-434e-84ba-8d9e52969df4
C:\Projects\File_Util_App\processed_fdds\6e8a4354-a57a-4e09-bde2-9183222adbba_origin.pdf,6e8a4354-a57a-4e09-bde2-9183222adbba
C:\Projects\File_Util_App\processed_fdds\6ea77e15-4b4c-4816-9bbc-69527dc5d87f_origin.pdf,6ea77e15-4b4c-4816-9bbc-69527dc5d87f
C:\Projects\File_Util_App\processed_fdds\6f612068-6ed3-4d4f-9941-19a9f6343e20_origin.pdf,6f612068-6ed3-4d4f-9941-19a9f6343e20
C:\Projects\File_Util_App\processed_fdds\6f762f3a-cefd-46ca-afb2-e1823bc31ee0_origin.pdf,6f762f3a-cefd-46ca-afb2-e1823bc31ee0
C:\Projects\File_Util_App\processed_fdds\6fb1bb91-5252-45d1-8df1-b97f6f68bd08_origin.pdf,6fb1bb91-5252-45d1-8df1-b97f6f68bd08
C:\Projects\File_Util_App\processed_fdds\6fed9605-2ac9-49f2-96c4-16e7410b528c_origin.pdf,6fed9605-2ac9-49f2-96c4-16e7410b528c
C:\Projects\File_Util_App\processed_fdds\6ff3e807-282f-4e5d-bc6c-4584cdfc7213_origin.pdf,6ff3e807-282f-4e5d-bc6c-4584cdfc7213
C:\Projects\File_Util_App\processed_fdds\7017c7d0-acce-4108-9798-c9c790e3117b_origin.pdf,7017c7d0-acce-4108-9798-c9c790e3117b
C:\Projects\File_Util_App\processed_fdds\70afb2be-2f1b-40a6-98dc-70da30d24b72_origin.pdf,70afb2be-2f1b-40a6-98dc-70da30d24b72
C:\Projects\File_Util_App\processed_fdds\70c6cade-4ad7-415a-8f68-ccfef327dbd1_origin.pdf,70c6cade-4ad7-415a-8f68-ccfef327dbd1
C:\Projects\File_Util_App\processed_fdds\70caab90-6933-4c29-8dd7-10936545a54a_origin.pdf,70caab90-6933-4c29-8dd7-10936545a54a
C:\Projects\File_Util_App\processed_fdds\71d33fc4-758c-4146-b9b3-5d28eb2c3c63_origin.pdf,71d33fc4-758c-4146-b9b3-5d28eb2c3c63
C:\Projects\File_Util_App\processed_fdds\71f918cc-6798-451b-9713-6a743a43a2b4_origin.pdf,71f918cc-6798-451b-9713-6a743a43a2b4
C:\Projects\File_Util_App\processed_fdds\7231951a-0f6d-42c8-a2d3-a7e459319f84_origin.pdf,7231951a-0f6d-42c8-a2d3-a7e459319f84
C:\Projects\File_Util_App\processed_fdds\72338f3c-2571-4391-8cba-9a3cf6e048c8_origin.pdf,72338f3c-2571-4391-8cba-9a3cf6e048c8
C:\Projects\File_Util_App\processed_fdds\72548cbb-90eb-478a-be30-22b586e55cbb_origin.pdf,72548cbb-90eb-478a-be30-22b586e55cbb
C:\Projects\File_Util_App\processed_fdds\727537c4-cf9f-49a2-81be-397700d827af_origin.pdf,727537c4-cf9f-49a2-81be-397700d827af
C:\Projects\File_Util_App\processed_fdds\72cf6f3f-4d8d-4296-8f39-151517ef5130_origin.pdf,72cf6f3f-4d8d-4296-8f39-151517ef5130
C:\Projects\File_Util_App\processed_fdds\72e3fdfc-190c-47a5-af2f-f00223a5769a_origin.pdf,72e3fdfc-190c-47a5-af2f-f00223a5769a
C:\Projects\File_Util_App\processed_fdds\72ff20a8-4e6d-4d8e-b73a-0e3cd025961b_origin.pdf,72ff20a8-4e6d-4d8e-b73a-0e3cd025961b
C:\Projects\File_Util_App\processed_fdds\7334701e-05d5-495f-a990-d9924b3333b2_origin.pdf,7334701e-05d5-495f-a990-d9924b3333b2
C:\Projects\File_Util_App\processed_fdds\73b34843-cd53-43c6-999e-84c7cca5b7d9_origin.pdf,73b34843-cd53-43c6-999e-84c7cca5b7d9
C:\Projects\File_Util_App\processed_fdds\73cfb43f-93e1-482d-9e98-92d08cfaa1e2_origin.pdf,73cfb43f-93e1-482d-9e98-92d08cfaa1e2
C:\Projects\File_Util_App\processed_fdds\74044c64-0dd7-40a0-b249-fc5d5c7b42d6_origin.pdf,74044c64-0dd7-40a0-b249-fc5d5c7b42d6
C:\Projects\File_Util_App\processed_fdds\7414faa6-8c67-4014-a56b-88a2a56901f2_origin.pdf,7414faa6-8c67-4014-a56b-88a2a56901f2
C:\Projects\File_Util_App\processed_fdds\743d631a-9d66-48d8-9228-6c7c3877b1ab_origin.pdf,743d631a-9d66-48d8-9228-6c7c3877b1ab
C:\Projects\File_Util_App\processed_fdds\74515903-ee52-4b6e-93e9-ee75c03a87b2_origin.pdf,74515903-ee52-4b6e-93e9-ee75c03a87b2
C:\Projects\File_Util_App\processed_fdds\7456317f-d29f-4ac0-b7df-41c77158a9fb_origin.pdf,7456317f-d29f-4ac0-b7df-41c77158a9fb
C:\Projects\File_Util_App\processed_fdds\74655d25-7466-44cb-857b-5c66f11249be_origin.pdf,74655d25-7466-44cb-857b-5c66f11249be
C:\Projects\File_Util_App\processed_fdds\75023838-8d31-4141-abaf-3a41a397a00c_origin.pdf,75023838-8d31-4141-abaf-3a41a397a00c
C:\Projects\File_Util_App\processed_fdds\76a04124-40f3-480a-9a4a-d787ea232f4c_origin.pdf,76a04124-40f3-480a-9a4a-d787ea232f4c
C:\Projects\File_Util_App\processed_fdds\76ac10d4-281c-415e-ac26-8ee5b64c98fd_origin.pdf,76ac10d4-281c-415e-ac26-8ee5b64c98fd
C:\Projects\File_Util_App\processed_fdds\76ba7fce-cc50-4ee0-9fe7-55ce5b6f546c_origin.pdf,76ba7fce-cc50-4ee0-9fe7-55ce5b6f546c
C:\Projects\File_Util_App\processed_fdds\778efebf-b87e-492c-8b3d-a181db82bb70_origin.pdf,778efebf-b87e-492c-8b3d-a181db82bb70
C:\Projects\File_Util_App\processed_fdds\79695764-bed9-4e4d-85a2-ef1f8e0705f7_origin.pdf,79695764-bed9-4e4d-85a2-ef1f8e0705f7
C:\Projects\File_Util_App\processed_fdds\79feca6e-f6cd-40c4-ab49-b7e068d088a1_origin.pdf,79feca6e-f6cd-40c4-ab49-b7e068d088a1
C:\Projects\File_Util_App\processed_fdds\7a86d1de-c8cd-4dda-aa98-98c7353cec6d_origin.pdf,7a86d1de-c8cd-4dda-aa98-98c7353cec6d
C:\Projects\File_Util_App\processed_fdds\7b31a426-2e24-4440-ab09-728a6a7ca342_origin.pdf,7b31a426-2e24-4440-ab09-728a6a7ca342
C:\Projects\File_Util_App\processed_fdds\7b42810f-5b81-4abf-a0f3-67608546c15c_origin.pdf,7b42810f-5b81-4abf-a0f3-67608546c15c
C:\Projects\File_Util_App\processed_fdds\7b6a38dd-21c8-4bdd-a689-a504abac125e_origin.pdf,7b6a38dd-21c8-4bdd-a689-a504abac125e
C:\Projects\File_Util_App\processed_fdds\7b88bf15-7609-4db7-b331-13b6907d6bb1_origin.pdf,7b88bf15-7609-4db7-b331-13b6907d6bb1
C:\Projects\File_Util_App\processed_fdds\7bb459e6-7783-4c79-87e4-2cfcde421d8d_origin.pdf,7bb459e6-7783-4c79-87e4-2cfcde421d8d
C:\Projects\File_Util_App\processed_fdds\7bd8ef00-f710-404a-90bb-9937548f8926_origin.pdf,7bd8ef00-f710-404a-90bb-9937548f8926
C:\Projects\File_Util_App\processed_fdds\7c090e71-6593-4454-944b-d48d8d9ac1d3_origin.pdf,7c090e71-6593-4454-944b-d48d8d9ac1d3
C:\Projects\File_Util_App\processed_fdds\7c0fbd7d-2da4-45c3-809f-0e0801f7f478_origin.pdf,7c0fbd7d-2da4-45c3-809f-0e0801f7f478
C:\Projects\File_Util_App\processed_fdds\7c663b42-99a6-41b9-9fc7-9adc4274816b_origin.pdf,7c663b42-99a6-41b9-9fc7-9adc4274816b
C:\Projects\File_Util_App\processed_fdds\7cdd487e-c276-438b-8ac1-b23a48307345_origin.pdf,7cdd487e-c276-438b-8ac1-b23a48307345
C:\Projects\File_Util_App\processed_fdds\7ea0a9a5-3863-42d5-a10c-d0025044b7c0_origin.pdf,7ea0a9a5-3863-42d5-a10c-d0025044b7c0
C:\Projects\File_Util_App\processed_fdds\80462128-ddbc-4d16-bef3-8d6295590995_origin.pdf,80462128-ddbc-4d16-bef3-8d6295590995
C:\Projects\File_Util_App\processed_fdds\80622832-dcd1-411c-92bc-2cf7eb752812_origin.pdf,80622832-dcd1-411c-92bc-2cf7eb752812
C:\Projects\File_Util_App\processed_fdds\80d80be9-b9f5-4750-89f4-e83ae17c941d_origin.pdf,80d80be9-b9f5-4750-89f4-e83ae17c941d
C:\Projects\File_Util_App\processed_fdds\813b11af-d72e-41c2-bdfe-2946fed720f5_origin.pdf,813b11af-d72e-41c2-bdfe-2946fed720f5
C:\Projects\File_Util_App\processed_fdds\817000a3-0e5d-422f-beb9-753d34b1ff38_origin.pdf,817000a3-0e5d-422f-beb9-753d34b1ff38
C:\Projects\File_Util_App\processed_fdds\819a1be4-92a0-451e-b6ce-85dcd79ba876_origin.pdf,819a1be4-92a0-451e-b6ce-85dcd79ba876
C:\Projects\File_Util_App\processed_fdds\81f445bd-a2e1-49c7-b820-21f1c537d133_origin.pdf,81f445bd-a2e1-49c7-b820-21f1c537d133
C:\Projects\File_Util_App\processed_fdds\81f5c00b-4f6f-4ecf-86d1-b2024866ea5f_origin.pdf,81f5c00b-4f6f-4ecf-86d1-b2024866ea5f
C:\Projects\File_Util_App\processed_fdds\82e3ef77-05f4-42a4-bec0-8a2de7bb6b4a_origin.pdf,82e3ef77-05f4-42a4-bec0-8a2de7bb6b4a
C:\Projects\File_Util_App\processed_fdds\8303878f-53b1-4842-aae8-15cb9270cbb9_origin.pdf,8303878f-53b1-4842-aae8-15cb9270cbb9
C:\Projects\File_Util_App\processed_fdds\83221dcc-0958-429d-ad47-9da1f3611e4b_origin.pdf,83221dcc-0958-429d-ad47-9da1f3611e4b
C:\Projects\File_Util_App\processed_fdds\846bf9af-61d9-490f-a8db-878ab8b05b60_origin.pdf,846bf9af-61d9-490f-a8db-878ab8b05b60
C:\Projects\File_Util_App\processed_fdds\84d97ac9-442b-441f-a8e8-6e57d4fac316_origin.pdf,84d97ac9-442b-441f-a8e8-6e57d4fac316
C:\Projects\File_Util_App\processed_fdds\851f26f4-e4ab-40bc-be4e-83c5fbac14c4_origin.pdf,851f26f4-e4ab-40bc-be4e-83c5fbac14c4
C:\Projects\File_Util_App\processed_fdds\85712c7c-7412-4f04-8c1e-2233bfa01955_origin.pdf,85712c7c-7412-4f04-8c1e-2233bfa01955
C:\Projects\File_Util_App\processed_fdds\85a2a714-aa51-4d4c-8d0f-7c6c27905a08_origin.pdf,85a2a714-aa51-4d4c-8d0f-7c6c27905a08
C:\Projects\File_Util_App\processed_fdds\85e224be-4b24-4f1a-a7b4-3de58c91a216_origin.pdf,85e224be-4b24-4f1a-a7b4-3de58c91a216
C:\Projects\File_Util_App\processed_fdds\8631d0d0-d814-40e8-8a5b-aed792374d02_origin.pdf,8631d0d0-d814-40e8-8a5b-aed792374d02
C:\Projects\File_Util_App\processed_fdds\86b9c424-d43a-4973-8af3-5b81a4ba41df_origin.pdf,86b9c424-d43a-4973-8af3-5b81a4ba41df
C:\Projects\File_Util_App\processed_fdds\8710399f-74cc-42c3-9ef5-a57cf27e0153_origin.pdf,8710399f-74cc-42c3-9ef5-a57cf27e0153
C:\Projects\File_Util_App\processed_fdds\874a80e0-6579-4952-b3db-56785f51fda7_origin.pdf,874a80e0-6579-4952-b3db-56785f51fda7
C:\Projects\File_Util_App\processed_fdds\87941d50-fa3e-4f61-ae3a-05ea029c9cf5_origin.pdf,87941d50-fa3e-4f61-ae3a-05ea029c9cf5
C:\Projects\File_Util_App\processed_fdds\87d65107-e06a-4cfe-b5ff-b78ed3fc0c00_origin.pdf,87d65107-e06a-4cfe-b5ff-b78ed3fc0c00
C:\Projects\File_Util_App\processed_fdds\887064df-06dc-4050-80e0-159bf808b87a_origin.pdf,887064df-06dc-4050-80e0-159bf808b87a
C:\Projects\File_Util_App\processed_fdds\8933dd03-e34e-4401-90b8-c1f037c846b8_origin.pdf,8933dd03-e34e-4401-90b8-c1f037c846b8
C:\Projects\File_Util_App\processed_fdds\8942edd5-2d99-4f76-a7b4-b1de97b4cffa_origin.pdf,8942edd5-2d99-4f76-a7b4-b1de97b4cffa
C:\Projects\File_Util_App\processed_fdds\89c4fe63-d930-412f-8704-81ae0264602e_origin.pdf,89c4fe63-d930-412f-8704-81ae0264602e
C:\Projects\File_Util_App\processed_fdds\89fabefe-be04-4344-b98e-67331c5a2c1e_origin.pdf,89fabefe-be04-4344-b98e-67331c5a2c1e
C:\Projects\File_Util_App\processed_fdds\8a919182-102c-422e-af1e-2aa0eaa5fe8e_origin.pdf,8a919182-102c-422e-af1e-2aa0eaa5fe8e
C:\Projects\File_Util_App\processed_fdds\8a9d5e31-5f70-4e4e-beb0-1889af6a0399_origin.pdf,8a9d5e31-5f70-4e4e-beb0-1889af6a0399
C:\Projects\File_Util_App\processed_fdds\8b4da575-a572-4890-8b2d-bea52c2390f9_origin.pdf,8b4da575-a572-4890-8b2d-bea52c2390f9
C:\Projects\File_Util_App\processed_fdds\8b8f2e72-79f0-456c-8272-67c153c6d797_origin.pdf,8b8f2e72-79f0-456c-8272-67c153c6d797
C:\Projects\File_Util_App\processed_fdds\8bdd657d-38fc-4640-9f42-eb8e578f3dca_origin.pdf,8bdd657d-38fc-4640-9f42-eb8e578f3dca
C:\Projects\File_Util_App\processed_fdds\8c2f0494-374d-4ab9-a9dc-d85be64e237e_origin.pdf,8c2f0494-374d-4ab9-a9dc-d85be64e237e
C:\Projects\File_Util_App\processed_fdds\8c55616c-f323-4d74-bee7-be5f4673de67_origin.pdf,8c55616c-f323-4d74-bee7-be5f4673de67
C:\Projects\File_Util_App\processed_fdds\8c70c12b-6303-4953-a715-001cc20a3c23_origin.pdf,8c70c12b-6303-4953-a715-001cc20a3c23
C:\Projects\File_Util_App\processed_fdds\8ca4288b-cecc-4a2c-8528-a40b61a612e6_origin.pdf,8ca4288b-cecc-4a2c-8528-a40b61a612e6
C:\Projects\File_Util_App\processed_fdds\8cb79a3a-2c1a-47ca-a165-32f4ea5cb175_origin.pdf,8cb79a3a-2c1a-47ca-a165-32f4ea5cb175
C:\Projects\File_Util_App\processed_fdds\8d4b5785-cbbc-476e-ae69-74392d9522bb_origin.pdf,8d4b5785-cbbc-476e-ae69-74392d9522bb
C:\Projects\File_Util_App\processed_fdds\8d9d4699-a05a-438b-a619-1d54925f68dd_origin.pdf,8d9d4699-a05a-438b-a619-1d54925f68dd
C:\Projects\File_Util_App\processed_fdds\8dd11ef2-9ce6-4afe-b254-e9ca475eed94_origin.pdf,8dd11ef2-9ce6-4afe-b254-e9ca475eed94
C:\Projects\File_Util_App\processed_fdds\8e062a2f-83b6-4e91-ac65-d5dc870fd518_origin.pdf,8e062a2f-83b6-4e91-ac65-d5dc870fd518
C:\Projects\File_Util_App\processed_fdds\8e1a9136-9d48-4daa-94d5-a619f082e952_origin.pdf,8e1a9136-9d48-4daa-94d5-a619f082e952
C:\Projects\File_Util_App\processed_fdds\8e57ec57-d22d-4493-9c47-5c087979a4c4_origin.pdf,8e57ec57-d22d-4493-9c47-5c087979a4c4
C:\Projects\File_Util_App\processed_fdds\8e9ce1b4-b9bb-4a30-988d-5096ce9d2811_origin.pdf,8e9ce1b4-b9bb-4a30-988d-5096ce9d2811
C:\Projects\File_Util_App\processed_fdds\8eb3c22d-ae1d-434c-bf00-0cfcef278e1e_origin.pdf,8eb3c22d-ae1d-434c-bf00-0cfcef278e1e
C:\Projects\File_Util_App\processed_fdds\8ee81e16-8f20-41e6-8202-b1242e1056a4_origin.pdf,8ee81e16-8f20-41e6-8202-b1242e1056a4
C:\Projects\File_Util_App\processed_fdds\8f7997e1-82c1-4db1-8b08-b1605ec3deee_origin.pdf,8f7997e1-82c1-4db1-8b08-b1605ec3deee
C:\Projects\File_Util_App\processed_fdds\90b5b86c-a237-46ff-ba1a-7b41bfbc4f26_origin.pdf,90b5b86c-a237-46ff-ba1a-7b41bfbc4f26
C:\Projects\File_Util_App\processed_fdds\91700b1a-b289-412e-91ab-313b9a1f3770_origin.pdf,91700b1a-b289-412e-91ab-313b9a1f3770
C:\Projects\File_Util_App\processed_fdds\92143f91-f17e-436b-943c-fe4c3903e7c4_origin.pdf,92143f91-f17e-436b-943c-fe4c3903e7c4
C:\Projects\File_Util_App\processed_fdds\928d5e7f-0a51-425b-b846-8fe5c45ca423_origin.pdf,928d5e7f-0a51-425b-b846-8fe5c45ca423
C:\Projects\File_Util_App\processed_fdds\92f10fa3-4ff3-441a-beda-c64983f17390_origin.pdf,92f10fa3-4ff3-441a-beda-c64983f17390
C:\Projects\File_Util_App\processed_fdds\943c8b50-8f1d-43e2-92c2-b998ff2caea2_origin.pdf,943c8b50-8f1d-43e2-92c2-b998ff2caea2
C:\Projects\File_Util_App\processed_fdds\944ac1f2-7459-47f6-93c9-ea57edd2262d_origin.pdf,944ac1f2-7459-47f6-93c9-ea57edd2262d
C:\Projects\File_Util_App\processed_fdds\947bba71-fa21-4b68-82fb-15e2d4701398_origin.pdf,947bba71-fa21-4b68-82fb-15e2d4701398
C:\Projects\File_Util_App\processed_fdds\949623bb-3558-404f-95a3-bb233273d458_origin.pdf,949623bb-3558-404f-95a3-bb233273d458
C:\Projects\File_Util_App\processed_fdds\94e3e156-c34c-464e-9b38-6c929817b588_origin.pdf,94e3e156-c34c-464e-9b38-6c929817b588
C:\Projects\File_Util_App\processed_fdds\952cd645-3a6e-4866-b4b7-815c82f9075b_origin.pdf,952cd645-3a6e-4866-b4b7-815c82f9075b
C:\Projects\File_Util_App\processed_fdds\954d68ad-584a-42fb-a5b5-77b2e40a2e3e_origin.pdf,954d68ad-584a-42fb-a5b5-77b2e40a2e3e
C:\Projects\File_Util_App\processed_fdds\95934e95-f8c4-430e-9ad4-9ce26b49cb0f_origin.pdf,95934e95-f8c4-430e-9ad4-9ce26b49cb0f
C:\Projects\File_Util_App\processed_fdds\95b81475-a967-49e4-8d6a-04ba87067602_origin.pdf,95b81475-a967-49e4-8d6a-04ba87067602
C:\Projects\File_Util_App\processed_fdds\95c4c669-dd7e-4dcc-b471-6fafdfddf815_origin.pdf,95c4c669-dd7e-4dcc-b471-6fafdfddf815
C:\Projects\File_Util_App\processed_fdds\9690f3ae-2f07-44da-8e90-fa04e666637e_origin.pdf,9690f3ae-2f07-44da-8e90-fa04e666637e
C:\Projects\File_Util_App\processed_fdds\96dce5b8-6985-497d-9d06-2bc59da16bbf_origin.pdf,96dce5b8-6985-497d-9d06-2bc59da16bbf
C:\Projects\File_Util_App\processed_fdds\974b6b63-23de-4fd1-a7cf-214b4b62d53a_origin.pdf,974b6b63-23de-4fd1-a7cf-214b4b62d53a
C:\Projects\File_Util_App\processed_fdds\97837668-5a8d-40f3-93e9-fb9bc9685594_origin.pdf,97837668-5a8d-40f3-93e9-fb9bc9685594
C:\Projects\File_Util_App\processed_fdds\9797d521-67d0-4484-a3a6-dfee0fd3e772_origin.pdf,9797d521-67d0-4484-a3a6-dfee0fd3e772
C:\Projects\File_Util_App\processed_fdds\97ea6212-fe3d-4bff-a05d-4a68c6c1474f_origin.pdf,97ea6212-fe3d-4bff-a05d-4a68c6c1474f
C:\Projects\File_Util_App\processed_fdds\97f93d72-1f38-4fac-ac70-7bf9dd6d7a29_origin.pdf,97f93d72-1f38-4fac-ac70-7bf9dd6d7a29
C:\Projects\File_Util_App\processed_fdds\9837a6db-5045-4ff7-98c7-913e9beaf544_origin.pdf,9837a6db-5045-4ff7-98c7-913e9beaf544
C:\Projects\File_Util_App\processed_fdds\9873c473-f56c-4a8f-af1c-32e7a7a1a6cc_origin.pdf,9873c473-f56c-4a8f-af1c-32e7a7a1a6cc
C:\Projects\File_Util_App\processed_fdds\98ad0cb6-f616-4375-807e-2c55dacd117d_origin.pdf,98ad0cb6-f616-4375-807e-2c55dacd117d
C:\Projects\File_Util_App\processed_fdds\98c73671-aa9f-4430-b55b-e88c91960e80_origin.pdf,98c73671-aa9f-4430-b55b-e88c91960e80
C:\Projects\File_Util_App\processed_fdds\98d346ee-d0a8-4cbc-8a38-17c6dbb8b1cd_origin.pdf,98d346ee-d0a8-4cbc-8a38-17c6dbb8b1cd
C:\Projects\File_Util_App\processed_fdds\98fef125-ad32-49a0-aa88-8594629ed018_origin.pdf,98fef125-ad32-49a0-aa88-8594629ed018
C:\Projects\File_Util_App\processed_fdds\99144155-b620-41cc-9fc2-4f1c8d56e189_origin.pdf,99144155-b620-41cc-9fc2-4f1c8d56e189
C:\Projects\File_Util_App\processed_fdds\99e2dfde-b8b9-45d3-a0ab-37105ffbe625_origin.pdf,99e2dfde-b8b9-45d3-a0ab-37105ffbe625
C:\Projects\File_Util_App\processed_fdds\9a0f611c-14e3-438e-b68b-fc46cac87986_origin.pdf,9a0f611c-14e3-438e-b68b-fc46cac87986
C:\Projects\File_Util_App\processed_fdds\9a61a45b-efc3-426d-85e9-d7e8b9cbb0ae_origin.pdf,9a61a45b-efc3-426d-85e9-d7e8b9cbb0ae
C:\Projects\File_Util_App\processed_fdds\9aa73751-b353-45d6-9c9d-e37a9ccb7166_origin.pdf,9aa73751-b353-45d6-9c9d-e37a9ccb7166
C:\Projects\File_Util_App\processed_fdds\9aec15f5-d078-40fb-bdd0-91b0a3ed02c5_origin.pdf,9aec15f5-d078-40fb-bdd0-91b0a3ed02c5
C:\Projects\File_Util_App\processed_fdds\9aee4aba-cf4f-4092-8999-40cb3cc052e3_origin.pdf,9aee4aba-cf4f-4092-8999-40cb3cc052e3
C:\Projects\File_Util_App\processed_fdds\9b0f7f98-d8a2-4c99-a7bf-b18d1708c8ed_origin.pdf,9b0f7f98-d8a2-4c99-a7bf-b18d1708c8ed
C:\Projects\File_Util_App\processed_fdds\9b4628da-b901-4c9d-936a-b1981b6dd4b3_origin.pdf,9b4628da-b901-4c9d-936a-b1981b6dd4b3
C:\Projects\File_Util_App\processed_fdds\9bbfdd95-b9be-416c-96e7-60f34760a389_origin.pdf,9bbfdd95-b9be-416c-96e7-60f34760a389
C:\Projects\File_Util_App\processed_fdds\9c86eb24-28aa-48f6-8361-6f8205ded40d_origin.pdf,9c86eb24-28aa-48f6-8361-6f8205ded40d
C:\Projects\File_Util_App\processed_fdds\9e0c4b4c-1815-4e0d-b629-c23ded0c57e9_origin.pdf,9e0c4b4c-1815-4e0d-b629-c23ded0c57e9
C:\Projects\File_Util_App\processed_fdds\9e2117a2-467a-4e90-b84e-e44be620ad0f_origin.pdf,9e2117a2-467a-4e90-b84e-e44be620ad0f
C:\Projects\File_Util_App\processed_fdds\9ed6b597-4468-4b4c-b9e6-90d86adda73d_origin.pdf,9ed6b597-4468-4b4c-b9e6-90d86adda73d
C:\Projects\File_Util_App\processed_fdds\9ee288a5-1ac6-4ca9-b88b-8cef570e3222_origin.pdf,9ee288a5-1ac6-4ca9-b88b-8cef570e3222
C:\Projects\File_Util_App\processed_fdds\9fa2e072-7a94-4104-8c1c-a57993cb76f5_origin.pdf,9fa2e072-7a94-4104-8c1c-a57993cb76f5
C:\Projects\File_Util_App\processed_fdds\a04e7fad-2893-4ae8-aa7c-44679e530ee5_origin.pdf,a04e7fad-2893-4ae8-aa7c-44679e530ee5
C:\Projects\File_Util_App\processed_fdds\a05a988c-2443-496a-bbd2-932664776c4c_origin.pdf,a05a988c-2443-496a-bbd2-932664776c4c
C:\Projects\File_Util_App\processed_fdds\a0d5d8b9-bd3d-4168-bc91-514bf5aa5f29_origin.pdf,a0d5d8b9-bd3d-4168-bc91-514bf5aa5f29
C:\Projects\File_Util_App\processed_fdds\a11dbfb8-a242-40f5-993b-bd4a84468a13_origin.pdf,a11dbfb8-a242-40f5-993b-bd4a84468a13
C:\Projects\File_Util_App\processed_fdds\a165d490-bf08-497c-8f41-07d149b83d23_origin.pdf,a165d490-bf08-497c-8f41-07d149b83d23
C:\Projects\File_Util_App\processed_fdds\a22964ca-7d8b-4d9a-bc7d-d582e28db8d4_origin.pdf,a22964ca-7d8b-4d9a-bc7d-d582e28db8d4
C:\Projects\File_Util_App\processed_fdds\a39930c3-5183-4a1d-b51d-10b5ab9904cb_origin.pdf,a39930c3-5183-4a1d-b51d-10b5ab9904cb
C:\Projects\File_Util_App\processed_fdds\a41d30ad-e6be-482c-b5a5-75a5f90ddc0b_origin.pdf,a41d30ad-e6be-482c-b5a5-75a5f90ddc0b
C:\Projects\File_Util_App\processed_fdds\a49b75fa-a441-4a82-a066-8508ae9c2ca7_origin.pdf,a49b75fa-a441-4a82-a066-8508ae9c2ca7
C:\Projects\File_Util_App\processed_fdds\a5682079-ccd6-443b-b5bb-8d0407ed3c61_origin.pdf,a5682079-ccd6-443b-b5bb-8d0407ed3c61
C:\Projects\File_Util_App\processed_fdds\a61daa5f-931d-4627-84a4-7831bc5ea420_origin.pdf,a61daa5f-931d-4627-84a4-7831bc5ea420
C:\Projects\File_Util_App\processed_fdds\a694d0e7-9b2b-4187-9359-6ed5c3514f3b_origin.pdf,a694d0e7-9b2b-4187-9359-6ed5c3514f3b
C:\Projects\File_Util_App\processed_fdds\a69d74b5-41ab-4299-9786-81cff2f7396f_origin.pdf,a69d74b5-41ab-4299-9786-81cff2f7396f
C:\Projects\File_Util_App\processed_fdds\a78af097-c327-4ecc-91f1-88a14b2c1381_origin.pdf,a78af097-c327-4ecc-91f1-88a14b2c1381
C:\Projects\File_Util_App\processed_fdds\a7904961-af54-4dc3-bd37-8353707bfd00_origin.pdf,a7904961-af54-4dc3-bd37-8353707bfd00
C:\Projects\File_Util_App\processed_fdds\a7cd088b-cb4b-41a8-8a2c-b400b4c1e380_origin.pdf,a7cd088b-cb4b-41a8-8a2c-b400b4c1e380
C:\Projects\File_Util_App\processed_fdds\a83c05f6-f1df-4067-ba0c-7189b64a8c5d_origin.pdf,a83c05f6-f1df-4067-ba0c-7189b64a8c5d
C:\Projects\File_Util_App\processed_fdds\a9286894-0674-4128-8050-e08cb194fc2b_origin.pdf,a9286894-0674-4128-8050-e08cb194fc2b
C:\Projects\File_Util_App\processed_fdds\a949d720-f7d4-45e0-8266-23eb98a0f32d_origin.pdf,a949d720-f7d4-45e0-8266-23eb98a0f32d
C:\Projects\File_Util_App\processed_fdds\a95c75a9-8444-4b6d-ad73-a70fbb457b38_origin.pdf,a95c75a9-8444-4b6d-ad73-a70fbb457b38
C:\Projects\File_Util_App\processed_fdds\a969fd5c-6cff-4ff4-afb6-bbe00fd07cd2_origin.pdf,a969fd5c-6cff-4ff4-afb6-bbe00fd07cd2
C:\Projects\File_Util_App\processed_fdds\a96bf630-e055-4501-a41d-23dfff0eaa9f_origin.pdf,a96bf630-e055-4501-a41d-23dfff0eaa9f
C:\Projects\File_Util_App\processed_fdds\aa2b6cbe-302b-4bbb-92c1-9e73b86c2f08_origin.pdf,aa2b6cbe-302b-4bbb-92c1-9e73b86c2f08
C:\Projects\File_Util_App\processed_fdds\aaf6d9ba-efd8-4a62-af64-52067f5f3b38_origin.pdf,aaf6d9ba-efd8-4a62-af64-52067f5f3b38
C:\Projects\File_Util_App\processed_fdds\ab806b82-63fd-4b93-a106-f4a51c99f10a_origin.pdf,ab806b82-63fd-4b93-a106-f4a51c99f10a
C:\Projects\File_Util_App\processed_fdds\abd62bda-6daf-4572-b641-d6a26933b4f9_origin.pdf,abd62bda-6daf-4572-b641-d6a26933b4f9
C:\Projects\File_Util_App\processed_fdds\ac59bc39-6eba-424b-8f7e-4ed391532e3e_origin.pdf,ac59bc39-6eba-424b-8f7e-4ed391532e3e
C:\Projects\File_Util_App\processed_fdds\aca4a17f-81e9-4cb2-a8f4-7338fc1b28a3_origin.pdf,aca4a17f-81e9-4cb2-a8f4-7338fc1b28a3
C:\Projects\File_Util_App\processed_fdds\acb2f705-7e5e-4186-a05b-77b06438cb13_origin.pdf,acb2f705-7e5e-4186-a05b-77b06438cb13
C:\Projects\File_Util_App\processed_fdds\ad3c9634-d982-4de8-8fb8-c10a65b79244_origin.pdf,ad3c9634-d982-4de8-8fb8-c10a65b79244
C:\Projects\File_Util_App\processed_fdds\adf3cd8a-8c27-42ca-aa7f-b96edc95095d_origin.pdf,adf3cd8a-8c27-42ca-aa7f-b96edc95095d
C:\Projects\File_Util_App\processed_fdds\ae1c66f5-84f5-42f9-bcac-92867b690c57_origin.pdf,ae1c66f5-84f5-42f9-bcac-92867b690c57
C:\Projects\File_Util_App\processed_fdds\ae9ec753-5263-42bf-8706-bb11629e5062_origin.pdf,ae9ec753-5263-42bf-8706-bb11629e5062
C:\Projects\File_Util_App\processed_fdds\aed0f8c7-8f8b-47b4-ac20-c22777ba2799_origin.pdf,aed0f8c7-8f8b-47b4-ac20-c22777ba2799
C:\Projects\File_Util_App\processed_fdds\af811e95-dd53-4082-af9d-4e2f8ff6c78b_origin.pdf,af811e95-dd53-4082-af9d-4e2f8ff6c78b
C:\Projects\File_Util_App\processed_fdds\afb06c34-786f-4225-9abb-6537294f3af9_origin.pdf,afb06c34-786f-4225-9abb-6537294f3af9
C:\Projects\File_Util_App\processed_fdds\b01982ec-56c5-4c76-ac0b-3ce1ee8f475f_origin.pdf,b01982ec-56c5-4c76-ac0b-3ce1ee8f475f
C:\Projects\File_Util_App\processed_fdds\b1661635-f120-4e76-97b4-3885380a7150_origin.pdf,b1661635-f120-4e76-97b4-3885380a7150
C:\Projects\File_Util_App\processed_fdds\b17352f7-b66d-4416-9095-b5434a3d7d84_origin.pdf,b17352f7-b66d-4416-9095-b5434a3d7d84
C:\Projects\File_Util_App\processed_fdds\b1efe238-e9c2-4103-a085-f3f82d341e7e_origin.pdf,b1efe238-e9c2-4103-a085-f3f82d341e7e
C:\Projects\File_Util_App\processed_fdds\b2cc0662-b02a-42ff-9061-742777902f4e_origin.pdf,b2cc0662-b02a-42ff-9061-742777902f4e
C:\Projects\File_Util_App\processed_fdds\b2eb2537-6cd0-49f2-bd97-0573464d83da_origin.pdf,b2eb2537-6cd0-49f2-bd97-0573464d83da
C:\Projects\File_Util_App\processed_fdds\b34a03ab-cf7e-4a12-8e28-735752cb12e5_origin.pdf,b34a03ab-cf7e-4a12-8e28-735752cb12e5
C:\Projects\File_Util_App\processed_fdds\b34efb25-c857-437d-8457-d9e0de4c9faa_origin.pdf,b34efb25-c857-437d-8457-d9e0de4c9faa
C:\Projects\File_Util_App\processed_fdds\b4809d4e-e410-49d6-9296-137445015020_origin.pdf,b4809d4e-e410-49d6-9296-137445015020
C:\Projects\File_Util_App\processed_fdds\b4947331-dcc1-41e7-9c8c-eb8c3e260d8d_origin.pdf,b4947331-dcc1-41e7-9c8c-eb8c3e260d8d
C:\Projects\File_Util_App\processed_fdds\b53c5070-8b7c-4b38-909e-18c6c02c1ded_origin.pdf,b53c5070-8b7c-4b38-909e-18c6c02c1ded
C:\Projects\File_Util_App\processed_fdds\b58bfade-e0aa-4f38-8bc2-9ab533979217_origin.pdf,b58bfade-e0aa-4f38-8bc2-9ab533979217
C:\Projects\File_Util_App\processed_fdds\b598cf64-045b-4d0d-b4d2-8f53f064c818_origin.pdf,b598cf64-045b-4d0d-b4d2-8f53f064c818
C:\Projects\File_Util_App\processed_fdds\b738b865-69e1-435d-98e5-dd567ccfee2d_origin.pdf,b738b865-69e1-435d-98e5-dd567ccfee2d
C:\Projects\File_Util_App\processed_fdds\b7719713-57c5-451a-89f8-f1a09c94d0fb_origin.pdf,b7719713-57c5-451a-89f8-f1a09c94d0fb
C:\Projects\File_Util_App\processed_fdds\b7e9edfe-021a-49b6-9406-a0d42f11b7be_origin.pdf,b7e9edfe-021a-49b6-9406-a0d42f11b7be
C:\Projects\File_Util_App\processed_fdds\b804bbf3-3d19-4f05-9d64-a5a79372982c_origin.pdf,b804bbf3-3d19-4f05-9d64-a5a79372982c
C:\Projects\File_Util_App\processed_fdds\b8068710-b3a4-4fa5-9585-8090d5be906c_origin.pdf,b8068710-b3a4-4fa5-9585-8090d5be906c
C:\Projects\File_Util_App\processed_fdds\b8676775-441f-4bfc-8bf0-69cc16a0b681_origin.pdf,b8676775-441f-4bfc-8bf0-69cc16a0b681
C:\Projects\File_Util_App\processed_fdds\b8e675d1-9490-49f7-8014-fc561ba3062d_origin.pdf,b8e675d1-9490-49f7-8014-fc561ba3062d
C:\Projects\File_Util_App\processed_fdds\b8eb2195-b460-422b-8659-36e04d83280f_origin.pdf,b8eb2195-b460-422b-8659-36e04d83280f
C:\Projects\File_Util_App\processed_fdds\b93accf0-fecc-409b-bf9c-8b40de4f51b5_origin.pdf,b93accf0-fecc-409b-bf9c-8b40de4f51b5
C:\Projects\File_Util_App\processed_fdds\b99ec19b-ac86-4687-85a6-5b0d7fe966fa_origin.pdf,b99ec19b-ac86-4687-85a6-5b0d7fe966fa
C:\Projects\File_Util_App\processed_fdds\b9ab8813-fed9-4084-a635-8cf627e8c86b_origin.pdf,b9ab8813-fed9-4084-a635-8cf627e8c86b
C:\Projects\File_Util_App\processed_fdds\b9dd8928-8905-443d-ae90-d4ee49036fd9_origin.pdf,b9dd8928-8905-443d-ae90-d4ee49036fd9
C:\Projects\File_Util_App\processed_fdds\ba45f6f4-30f9-4944-b546-3c1740dd08f0_origin.pdf,ba45f6f4-30f9-4944-b546-3c1740dd08f0
C:\Projects\File_Util_App\processed_fdds\ba937baa-6991-4a67-934f-18ae25cb80cb_origin.pdf,ba937baa-6991-4a67-934f-18ae25cb80cb
C:\Projects\File_Util_App\processed_fdds\bb62885b-e13e-4234-86ee-6958e260b5cd_origin.pdf,bb62885b-e13e-4234-86ee-6958e260b5cd
C:\Projects\File_Util_App\processed_fdds\bc34d9d1-b136-4aaa-a5a2-f2d0631bee76_origin.pdf,bc34d9d1-b136-4aaa-a5a2-f2d0631bee76
C:\Projects\File_Util_App\processed_fdds\bc7738ec-82a3-46e3-bc89-bb39e88a8d37_origin.pdf,bc7738ec-82a3-46e3-bc89-bb39e88a8d37
C:\Projects\File_Util_App\processed_fdds\bcf765fa-a5e2-4260-85aa-50775c1fd4c8_origin.pdf,bcf765fa-a5e2-4260-85aa-50775c1fd4c8
C:\Projects\File_Util_App\processed_fdds\bd3e28aa-6cfe-4de0-9e54-aca0d99d784b_origin.pdf,bd3e28aa-6cfe-4de0-9e54-aca0d99d784b
C:\Projects\File_Util_App\processed_fdds\bd9d598f-51ac-408e-9c7b-a95121c00af5_origin.pdf,bd9d598f-51ac-408e-9c7b-a95121c00af5
C:\Projects\File_Util_App\processed_fdds\bdb29494-bd77-482d-aae7-567fbd55f1c7_origin.pdf,bdb29494-bd77-482d-aae7-567fbd55f1c7
C:\Projects\File_Util_App\processed_fdds\bdb843e7-da97-4ce7-ad7b-1767fddb74f5_origin.pdf,bdb843e7-da97-4ce7-ad7b-1767fddb74f5
C:\Projects\File_Util_App\processed_fdds\be0b6391-a954-4f3b-9b64-80db63756c21_origin.pdf,be0b6391-a954-4f3b-9b64-80db63756c21
C:\Projects\File_Util_App\processed_fdds\be19b3ea-4ac1-49c7-b168-2aecca18501a_origin.pdf,be19b3ea-4ac1-49c7-b168-2aecca18501a
C:\Projects\File_Util_App\processed_fdds\bef3558e-046d-48d7-a6a3-0cde577cc21a_origin.pdf,bef3558e-046d-48d7-a6a3-0cde577cc21a
C:\Projects\File_Util_App\processed_fdds\bf377741-b2ed-4388-ba43-c090326f9cbb_origin.pdf,bf377741-b2ed-4388-ba43-c090326f9cbb
C:\Projects\File_Util_App\processed_fdds\bf6c880a-5950-42d6-9630-03ca80b3775d_origin.pdf,bf6c880a-5950-42d6-9630-03ca80b3775d
C:\Projects\File_Util_App\processed_fdds\bf8e5c60-6dc0-42f6-872f-68a9aca6c59f_origin.pdf,bf8e5c60-6dc0-42f6-872f-68a9aca6c59f
C:\Projects\File_Util_App\processed_fdds\bffb87cf-6805-423e-8b20-ef552835bbeb_origin.pdf,bffb87cf-6805-423e-8b20-ef552835bbeb
C:\Projects\File_Util_App\processed_fdds\c05f60f0-941b-4107-9acf-b6e6e6a8eeff_origin.pdf,c05f60f0-941b-4107-9acf-b6e6e6a8eeff
C:\Projects\File_Util_App\processed_fdds\c0fa5714-ec25-4d08-bfbd-67912fd856e3_origin.pdf,c0fa5714-ec25-4d08-bfbd-67912fd856e3
C:\Projects\File_Util_App\processed_fdds\c11024dd-4f3b-485f-9838-93120922673f_origin.pdf,c11024dd-4f3b-485f-9838-93120922673f
C:\Projects\File_Util_App\processed_fdds\c16e7006-5e98-420a-ba92-dd87bb6bc959_origin.pdf,c16e7006-5e98-420a-ba92-dd87bb6bc959
C:\Projects\File_Util_App\processed_fdds\c1827846-b32a-4311-a3f0-36c653a4ed5a_origin.pdf,c1827846-b32a-4311-a3f0-36c653a4ed5a
C:\Projects\File_Util_App\processed_fdds\c1c32bf2-9022-4885-a5e7-20fb5b92fb9a_origin.pdf,c1c32bf2-9022-4885-a5e7-20fb5b92fb9a
C:\Projects\File_Util_App\processed_fdds\c1f37b84-2783-47fa-b280-0e6586fc30ce_origin.pdf,c1f37b84-2783-47fa-b280-0e6586fc30ce
C:\Projects\File_Util_App\processed_fdds\c1febd02-07f7-4c16-a469-10550266ddb9_origin.pdf,c1febd02-07f7-4c16-a469-10550266ddb9
C:\Projects\File_Util_App\processed_fdds\c215d779-75fd-4ed8-ba24-f30f614d3a76_origin.pdf,c215d779-75fd-4ed8-ba24-f30f614d3a76
C:\Projects\File_Util_App\processed_fdds\c22f6831-9692-4356-a12b-c3176726572b_origin.pdf,c22f6831-9692-4356-a12b-c3176726572b
C:\Projects\File_Util_App\processed_fdds\c24a9233-4a7b-429e-840b-1ed58ec9f21f_origin.pdf,c24a9233-4a7b-429e-840b-1ed58ec9f21f
C:\Projects\File_Util_App\processed_fdds\c26a3cd2-350c-43aa-a8eb-b2e1ddfa3d05_origin.pdf,c26a3cd2-350c-43aa-a8eb-b2e1ddfa3d05
C:\Projects\File_Util_App\processed_fdds\c4cb3821-5884-4d43-8074-4bb80b194ccc_origin.pdf,c4cb3821-5884-4d43-8074-4bb80b194ccc
C:\Projects\File_Util_App\processed_fdds\c4d19c9c-2d0c-47fe-9515-5606a122e133_origin.pdf,c4d19c9c-2d0c-47fe-9515-5606a122e133
C:\Projects\File_Util_App\processed_fdds\c4d1b4cb-ad14-499d-bdc3-bd924f4e76f6_origin.pdf,c4d1b4cb-ad14-499d-bdc3-bd924f4e76f6
C:\Projects\File_Util_App\processed_fdds\c6adb59a-a466-47c2-b41a-cbae926cb034_origin.pdf,c6adb59a-a466-47c2-b41a-cbae926cb034
C:\Projects\File_Util_App\processed_fdds\c703b509-f620-4c88-be4a-17bc465cd7a6_origin.pdf,c703b509-f620-4c88-be4a-17bc465cd7a6
C:\Projects\File_Util_App\processed_fdds\c7966779-0c60-4920-a646-f09195f4eb07_origin.pdf,c7966779-0c60-4920-a646-f09195f4eb07
C:\Projects\File_Util_App\processed_fdds\c7ddbb8a-f359-4c7e-a61a-5c646fdf9e8f_origin.pdf,c7ddbb8a-f359-4c7e-a61a-5c646fdf9e8f
C:\Projects\File_Util_App\processed_fdds\c81312c9-8277-491a-ba5e-19f9ef2e1ea9_origin.pdf,c81312c9-8277-491a-ba5e-19f9ef2e1ea9
C:\Projects\File_Util_App\processed_fdds\c8fd9085-7f83-4a55-bac8-43ced43990e5_origin.pdf,c8fd9085-7f83-4a55-bac8-43ced43990e5
C:\Projects\File_Util_App\processed_fdds\c93a8f00-a117-4498-b6a8-c40868bf0eb3_origin.pdf,c93a8f00-a117-4498-b6a8-c40868bf0eb3
C:\Projects\File_Util_App\processed_fdds\c9e1ec75-9fbc-416f-8ec0-71b7d12ea6ae_origin.pdf,c9e1ec75-9fbc-416f-8ec0-71b7d12ea6ae
C:\Projects\File_Util_App\processed_fdds\ca1e167f-7772-45b8-9ca7-db101ad387ba_origin.pdf,ca1e167f-7772-45b8-9ca7-db101ad387ba
C:\Projects\File_Util_App\processed_fdds\caca97a4-0b33-42f0-9511-952ed34981a5_origin.pdf,caca97a4-0b33-42f0-9511-952ed34981a5
C:\Projects\File_Util_App\processed_fdds\cb1476ff-2b9c-46dd-90f2-c4de5fc26d27_origin.pdf,cb1476ff-2b9c-46dd-90f2-c4de5fc26d27
C:\Projects\File_Util_App\processed_fdds\cb673145-1f41-44fa-872d-b5667d3d7500_origin.pdf,cb673145-1f41-44fa-872d-b5667d3d7500
C:\Projects\File_Util_App\processed_fdds\cb79ec5b-a3f3-4e5c-80dc-0cff12e25ef1_origin.pdf,cb79ec5b-a3f3-4e5c-80dc-0cff12e25ef1
C:\Projects\File_Util_App\processed_fdds\cbc7a5cc-83a7-4664-bcf6-98d7a0b430f6_origin.pdf,cbc7a5cc-83a7-4664-bcf6-98d7a0b430f6
C:\Projects\File_Util_App\processed_fdds\cbf4c27e-9229-4a22-a061-cee602b6f692_origin.pdf,cbf4c27e-9229-4a22-a061-cee602b6f692
C:\Projects\File_Util_App\processed_fdds\cc2d4b82-e200-4bd3-ab95-cb88c44fcc6b_origin.pdf,cc2d4b82-e200-4bd3-ab95-cb88c44fcc6b
C:\Projects\File_Util_App\processed_fdds\ccea1f7a-5311-4850-956f-a324a4193ca9_origin.pdf,ccea1f7a-5311-4850-956f-a324a4193ca9
C:\Projects\File_Util_App\processed_fdds\cd6e595a-072e-4368-b18d-9681c99be7da_origin.pdf,cd6e595a-072e-4368-b18d-9681c99be7da
C:\Projects\File_Util_App\processed_fdds\cd949917-a47b-4d3a-95eb-b68f381c8483_origin.pdf,cd949917-a47b-4d3a-95eb-b68f381c8483
C:\Projects\File_Util_App\processed_fdds\ce17d4cd-76c5-45af-bbb0-744388befb86_origin.pdf,ce17d4cd-76c5-45af-bbb0-744388befb86
C:\Projects\File_Util_App\processed_fdds\ce2881f7-26cc-4dd4-aaf0-ada29abcb159_origin.pdf,ce2881f7-26cc-4dd4-aaf0-ada29abcb159
C:\Projects\File_Util_App\processed_fdds\ce2c23ec-ee53-4251-8602-850f901842e6_origin.pdf,ce2c23ec-ee53-4251-8602-850f901842e6
C:\Projects\File_Util_App\processed_fdds\ce6d8ac9-6268-4796-8e4b-6483406b4640_origin.pdf,ce6d8ac9-6268-4796-8e4b-6483406b4640
C:\Projects\File_Util_App\processed_fdds\cee1f892-868c-4fb9-8d10-5badcc7cca32_origin.pdf,cee1f892-868c-4fb9-8d10-5badcc7cca32
C:\Projects\File_Util_App\processed_fdds\cee9a3f3-5621-4e0f-b2b5-37c56bef2a6c_origin.pdf,cee9a3f3-5621-4e0f-b2b5-37c56bef2a6c
C:\Projects\File_Util_App\processed_fdds\cf7e6bb2-2fee-4947-b200-6034485f7582_origin.pdf,cf7e6bb2-2fee-4947-b200-6034485f7582
C:\Projects\File_Util_App\processed_fdds\cffd50de-1b2a-4eec-8881-c9c587243d80_origin.pdf,cffd50de-1b2a-4eec-8881-c9c587243d80
C:\Projects\File_Util_App\processed_fdds\d00ba890-5275-41d0-9381-972a44a32c10_origin.pdf,d00ba890-5275-41d0-9381-972a44a32c10
C:\Projects\File_Util_App\processed_fdds\d011e6d1-1d80-4eb7-8a24-af173bcea04b_origin.pdf,d011e6d1-1d80-4eb7-8a24-af173bcea04b
C:\Projects\File_Util_App\processed_fdds\d0e8ac38-199a-47d8-a62c-40faed447d73_origin.pdf,d0e8ac38-199a-47d8-a62c-40faed447d73
C:\Projects\File_Util_App\processed_fdds\d132f306-5148-458b-b2e2-c90049e4b343_origin.pdf,d132f306-5148-458b-b2e2-c90049e4b343
C:\Projects\File_Util_App\processed_fdds\d1393b05-fae3-4192-ba6c-af51ac104887_origin.pdf,d1393b05-fae3-4192-ba6c-af51ac104887
C:\Projects\File_Util_App\processed_fdds\d16a38bf-4ea5-4752-b396-75f38c137c87_origin.pdf,d16a38bf-4ea5-4752-b396-75f38c137c87
C:\Projects\File_Util_App\processed_fdds\d1c51a9e-90a5-4e68-882e-aa41b86ebd8f_origin.pdf,d1c51a9e-90a5-4e68-882e-aa41b86ebd8f
C:\Projects\File_Util_App\processed_fdds\d20ad0f8-cfdc-4021-8a6f-1ce759b46cb5_origin.pdf,d20ad0f8-cfdc-4021-8a6f-1ce759b46cb5
C:\Projects\File_Util_App\processed_fdds\d221d429-0d6e-4ff0-bc86-54eb1cdcbd9e_origin.pdf,d221d429-0d6e-4ff0-bc86-54eb1cdcbd9e
C:\Projects\File_Util_App\processed_fdds\d2257557-a508-4d67-bc04-f1e5aabc6b3d_origin.pdf,d2257557-a508-4d67-bc04-f1e5aabc6b3d
C:\Projects\File_Util_App\processed_fdds\d2df182c-e586-437e-b750-edbebd27959f_origin.pdf,d2df182c-e586-437e-b750-edbebd27959f
C:\Projects\File_Util_App\processed_fdds\d3347dd4-6ee4-410a-ba21-68adefc50e85_origin.pdf,d3347dd4-6ee4-410a-ba21-68adefc50e85
C:\Projects\File_Util_App\processed_fdds\d37e5c32-ca2f-417d-9304-48f12b2bb7f5_origin.pdf,d37e5c32-ca2f-417d-9304-48f12b2bb7f5
C:\Projects\File_Util_App\processed_fdds\d3b43cf9-7db7-4c50-b8b4-3326df9ab2ef_origin.pdf,d3b43cf9-7db7-4c50-b8b4-3326df9ab2ef
C:\Projects\File_Util_App\processed_fdds\d415e57f-67d9-49f9-af17-51ff7f41eb59_origin.pdf,d415e57f-67d9-49f9-af17-51ff7f41eb59
C:\Projects\File_Util_App\processed_fdds\d56e309b-dc2e-4eb8-8854-fc3e3b307fff_origin.pdf,d56e309b-dc2e-4eb8-8854-fc3e3b307fff
C:\Projects\File_Util_App\processed_fdds\d577664d-e266-449a-9af5-1d74d501be49_origin.pdf,d577664d-e266-449a-9af5-1d74d501be49
C:\Projects\File_Util_App\processed_fdds\d64c9bcc-fc4d-4680-b380-a70f7985fc5b_origin.pdf,d64c9bcc-fc4d-4680-b380-a70f7985fc5b
C:\Projects\File_Util_App\processed_fdds\d71ac007-8d15-453a-a675-475106ca70b2_origin.pdf,d71ac007-8d15-453a-a675-475106ca70b2
C:\Projects\File_Util_App\processed_fdds\d72b3be6-516c-4635-86fa-63c22347a400_origin.pdf,d72b3be6-516c-4635-86fa-63c22347a400
C:\Projects\File_Util_App\processed_fdds\d7e76b22-5394-4a61-ba51-6141c1d1188a_origin.pdf,d7e76b22-5394-4a61-ba51-6141c1d1188a
C:\Projects\File_Util_App\processed_fdds\d89f3719-1d18-4c5d-bf48-dd9274e0dc60_origin.pdf,d89f3719-1d18-4c5d-bf48-dd9274e0dc60
C:\Projects\File_Util_App\processed_fdds\d8bf376b-c6a7-4a82-ae61-e372f53ea925_origin.pdf,d8bf376b-c6a7-4a82-ae61-e372f53ea925
C:\Projects\File_Util_App\processed_fdds\d9322d9f-e7c5-4336-985c-af5b99cc8ccd_origin.pdf,d9322d9f-e7c5-4336-985c-af5b99cc8ccd
C:\Projects\File_Util_App\processed_fdds\d97d726a-dfee-46ec-8ed8-552068956bee_origin.pdf,d97d726a-dfee-46ec-8ed8-552068956bee
C:\Projects\File_Util_App\processed_fdds\d97f0967-55cc-4510-a8e8-4dd9c51d046a_origin.pdf,d97f0967-55cc-4510-a8e8-4dd9c51d046a
C:\Projects\File_Util_App\processed_fdds\d9ba5c81-e863-4aa4-9149-510c596eb14d_origin.pdf,d9ba5c81-e863-4aa4-9149-510c596eb14d
C:\Projects\File_Util_App\processed_fdds\d9dddaeb-5be0-4e54-a90c-96de426d5de0_origin.pdf,d9dddaeb-5be0-4e54-a90c-96de426d5de0
C:\Projects\File_Util_App\processed_fdds\db6e23b1-71af-4762-b5e1-75cb2fb3fb79_origin.pdf,db6e23b1-71af-4762-b5e1-75cb2fb3fb79
C:\Projects\File_Util_App\processed_fdds\dbae2764-fcf0-441e-9873-5f2e32e0e0c0_origin.pdf,dbae2764-fcf0-441e-9873-5f2e32e0e0c0
C:\Projects\File_Util_App\processed_fdds\dc02e28a-0a0b-4907-a4d0-eaf48bed4767_origin.pdf,dc02e28a-0a0b-4907-a4d0-eaf48bed4767
C:\Projects\File_Util_App\processed_fdds\dc1c7e69-6f20-4dc1-8387-f2da09a251dc_origin.pdf,dc1c7e69-6f20-4dc1-8387-f2da09a251dc
C:\Projects\File_Util_App\processed_fdds\dc290fa8-2542-4c0c-970a-2aba6f14a476_origin.pdf,dc290fa8-2542-4c0c-970a-2aba6f14a476
C:\Projects\File_Util_App\processed_fdds\dc4aca39-c7c7-4dee-9d7e-fa63d3488291_origin.pdf,dc4aca39-c7c7-4dee-9d7e-fa63d3488291
C:\Projects\File_Util_App\processed_fdds\dca29652-3f46-48f2-8d60-034ecca6bba8_origin.pdf,dca29652-3f46-48f2-8d60-034ecca6bba8
C:\Projects\File_Util_App\processed_fdds\dd66459e-f50d-40f7-8505-dd55c3fae65b_origin.pdf,dd66459e-f50d-40f7-8505-dd55c3fae65b
C:\Projects\File_Util_App\processed_fdds\ddc072f2-7f33-4a97-81c2-d269e3681709_origin.pdf,ddc072f2-7f33-4a97-81c2-d269e3681709
C:\Projects\File_Util_App\processed_fdds\ddd3fcd6-e6f5-4cdb-bb06-1993db2503f5_origin.pdf,ddd3fcd6-e6f5-4cdb-bb06-1993db2503f5
C:\Projects\File_Util_App\processed_fdds\dea511f1-6092-4149-a48c-e289f53228c1_origin.pdf,dea511f1-6092-4149-a48c-e289f53228c1
C:\Projects\File_Util_App\processed_fdds\ded5ab8a-76f8-49e8-91ed-17c670a12fb0_origin.pdf,ded5ab8a-76f8-49e8-91ed-17c670a12fb0
C:\Projects\File_Util_App\processed_fdds\df3ef7fc-dd7c-41d9-a5f5-705cae48ac4b_origin.pdf,df3ef7fc-dd7c-41d9-a5f5-705cae48ac4b
C:\Projects\File_Util_App\processed_fdds\df4f1610-015c-4533-9497-046e92c22c6e_origin.pdf,df4f1610-015c-4533-9497-046e92c22c6e
C:\Projects\File_Util_App\processed_fdds\df91676b-b406-4b78-a5b5-dc737fa66c14_origin.pdf,df91676b-b406-4b78-a5b5-dc737fa66c14
C:\Projects\File_Util_App\processed_fdds\dfaac0ff-3861-4393-a9f4-9f6c5cb7d6bb_origin.pdf,dfaac0ff-3861-4393-a9f4-9f6c5cb7d6bb
C:\Projects\File_Util_App\processed_fdds\e0aad159-e102-471a-ad5a-1da2adc6d16f_origin.pdf,e0aad159-e102-471a-ad5a-1da2adc6d16f
C:\Projects\File_Util_App\processed_fdds\e1413118-c6c2-42d9-b303-93690a97e1d3_origin.pdf,e1413118-c6c2-42d9-b303-93690a97e1d3
C:\Projects\File_Util_App\processed_fdds\e1a623bc-45df-4300-921c-b65483383974_origin.pdf,e1a623bc-45df-4300-921c-b65483383974
C:\Projects\File_Util_App\processed_fdds\e1dcf469-0870-4df8-9201-3ac45a0fd5f4_origin.pdf,e1dcf469-0870-4df8-9201-3ac45a0fd5f4
C:\Projects\File_Util_App\processed_fdds\e1dea7c4-2643-4d83-be5d-4944e323522e_origin.pdf,e1dea7c4-2643-4d83-be5d-4944e323522e
C:\Projects\File_Util_App\processed_fdds\e2643c53-2143-4ca2-85e8-a6e8027f6bc5_origin.pdf,e2643c53-2143-4ca2-85e8-a6e8027f6bc5
C:\Projects\File_Util_App\processed_fdds\e2c8486d-3db3-41a3-92b6-2a1544e72cee_origin.pdf,e2c8486d-3db3-41a3-92b6-2a1544e72cee
C:\Projects\File_Util_App\processed_fdds\e31bc213-3f34-4053-86a5-92598be469f6_origin.pdf,e31bc213-3f34-4053-86a5-92598be469f6
C:\Projects\File_Util_App\processed_fdds\e36ae157-d0ee-4db8-ae30-475af40f36c5_origin.pdf,e36ae157-d0ee-4db8-ae30-475af40f36c5
C:\Projects\File_Util_App\processed_fdds\e37e2ddf-b471-42c1-9541-54679793e66f_origin.pdf,e37e2ddf-b471-42c1-9541-54679793e66f
C:\Projects\File_Util_App\processed_fdds\e3d4ab74-40bb-4437-918e-29f20b95e283_origin.pdf,e3d4ab74-40bb-4437-918e-29f20b95e283
C:\Projects\File_Util_App\processed_fdds\e3e27ebd-0a08-4f30-9f02-c0e286eded79_origin.pdf,e3e27ebd-0a08-4f30-9f02-c0e286eded79
C:\Projects\File_Util_App\processed_fdds\e487bac8-1260-42c7-869f-f959ebb1897f_origin.pdf,e487bac8-1260-42c7-869f-f959ebb1897f
C:\Projects\File_Util_App\processed_fdds\e4962fdf-fda7-4ed0-8067-3865eaaa45f7_origin.pdf,e4962fdf-fda7-4ed0-8067-3865eaaa45f7
C:\Projects\File_Util_App\processed_fdds\e56eb6c0-6ff6-4c82-8b71-b045c3457327_origin.pdf,e56eb6c0-6ff6-4c82-8b71-b045c3457327
C:\Projects\File_Util_App\processed_fdds\e5aae619-93bb-4059-a269-efe0e6e9acfa_origin.pdf,e5aae619-93bb-4059-a269-efe0e6e9acfa
C:\Projects\File_Util_App\processed_fdds\e5cbd4c2-d316-47eb-a8ac-78edef426436_origin.pdf,e5cbd4c2-d316-47eb-a8ac-78edef426436
C:\Projects\File_Util_App\processed_fdds\e5fd11cf-0d46-4e19-817b-b688b29ce99e_origin.pdf,e5fd11cf-0d46-4e19-817b-b688b29ce99e
C:\Projects\File_Util_App\processed_fdds\e6367cfa-79b1-409f-bc86-042caeacb1d6_origin.pdf,e6367cfa-79b1-409f-bc86-042caeacb1d6
C:\Projects\File_Util_App\processed_fdds\e67ec17d-ca27-4604-b263-7ff78e689a49_origin.pdf,e67ec17d-ca27-4604-b263-7ff78e689a49
C:\Projects\File_Util_App\processed_fdds\e71f039d-24cd-4166-af0d-a297ecc6066e_origin.pdf,e71f039d-24cd-4166-af0d-a297ecc6066e
C:\Projects\File_Util_App\processed_fdds\e7240795-7e24-4658-bb88-c36d583bf338_origin.pdf,e7240795-7e24-4658-bb88-c36d583bf338
C:\Projects\File_Util_App\processed_fdds\e7509766-d8d7-4713-b4c7-470013edde91_origin.pdf,e7509766-d8d7-4713-b4c7-470013edde91
C:\Projects\File_Util_App\processed_fdds\e78799ac-076a-47d7-84ae-08f9bcb42337_origin.pdf,e78799ac-076a-47d7-84ae-08f9bcb42337
C:\Projects\File_Util_App\processed_fdds\e873eac3-202e-46f7-8575-7baf9faf3f40_origin.pdf,e873eac3-202e-46f7-8575-7baf9faf3f40
C:\Projects\File_Util_App\processed_fdds\e8a54ac2-6ae8-4321-8f5e-c7a13dbb0137_origin.pdf,e8a54ac2-6ae8-4321-8f5e-c7a13dbb0137
C:\Projects\File_Util_App\processed_fdds\e8d27d10-f814-4ba2-8c6a-fdb2003dba03_origin.pdf,e8d27d10-f814-4ba2-8c6a-fdb2003dba03
C:\Projects\File_Util_App\processed_fdds\e9240b54-5986-471f-ae96-b2d634e45148_origin.pdf,e9240b54-5986-471f-ae96-b2d634e45148
C:\Projects\File_Util_App\processed_fdds\e9c9de8e-6c57-47d8-b01b-29b1bfaf9476_origin.pdf,e9c9de8e-6c57-47d8-b01b-29b1bfaf9476
C:\Projects\File_Util_App\processed_fdds\e9f0791a-3887-460e-be40-04c93707534d_origin.pdf,e9f0791a-3887-460e-be40-04c93707534d
C:\Projects\File_Util_App\processed_fdds\ea7cbc95-d4eb-44cc-94b4-3ad24fdf79dc_origin.pdf,ea7cbc95-d4eb-44cc-94b4-3ad24fdf79dc
C:\Projects\File_Util_App\processed_fdds\eb098516-0fa3-464b-a9c4-4c573e3e56aa_origin.pdf,eb098516-0fa3-464b-a9c4-4c573e3e56aa
C:\Projects\File_Util_App\processed_fdds\eb430a0a-59db-4360-a2b1-10937ac2d836_origin.pdf,eb430a0a-59db-4360-a2b1-10937ac2d836
C:\Projects\File_Util_App\processed_fdds\eb78b5db-2f5c-4104-a304-ff60e1d94bf5_origin.pdf,eb78b5db-2f5c-4104-a304-ff60e1d94bf5
C:\Projects\File_Util_App\processed_fdds\ec1e2cf0-9149-4485-9824-5a7f1ad27d57_origin.pdf,ec1e2cf0-9149-4485-9824-5a7f1ad27d57
C:\Projects\File_Util_App\processed_fdds\ec1eee44-474a-48df-b847-dcdcede11bc3_origin.pdf,ec1eee44-474a-48df-b847-dcdcede11bc3
C:\Projects\File_Util_App\processed_fdds\ec52b19a-6a42-4cf3-b5b7-29c1ee35e3d1_origin.pdf,ec52b19a-6a42-4cf3-b5b7-29c1ee35e3d1
C:\Projects\File_Util_App\processed_fdds\ec7dbaea-3ac1-45d7-b8e0-9711a9733bfd_origin.pdf,ec7dbaea-3ac1-45d7-b8e0-9711a9733bfd
C:\Projects\File_Util_App\processed_fdds\ec823890-a71a-47fb-9420-5f9cca990b29_origin.pdf,ec823890-a71a-47fb-9420-5f9cca990b29
C:\Projects\File_Util_App\processed_fdds\ecae7880-d288-432b-9044-7f871afdd84c_origin.pdf,ecae7880-d288-432b-9044-7f871afdd84c
C:\Projects\File_Util_App\processed_fdds\ed22c1d8-4f35-4468-81d9-436ed2e9d8cb_origin.pdf,ed22c1d8-4f35-4468-81d9-436ed2e9d8cb
C:\Projects\File_Util_App\processed_fdds\ed7022cb-590b-4080-98a3-a3940d94ce8f_origin.pdf,ed7022cb-590b-4080-98a3-a3940d94ce8f
C:\Projects\File_Util_App\processed_fdds\ee7c49d9-ee81-4518-9999-6d8ca21d84d0_origin.pdf,ee7c49d9-ee81-4518-9999-6d8ca21d84d0
C:\Projects\File_Util_App\processed_fdds\ee8bc441-5b98-4984-b132-4f0bfecd272a_origin.pdf,ee8bc441-5b98-4984-b132-4f0bfecd272a
C:\Projects\File_Util_App\processed_fdds\eeb1aa60-9788-4e60-9dcd-8413497cdad3_origin.pdf,eeb1aa60-9788-4e60-9dcd-8413497cdad3
C:\Projects\File_Util_App\processed_fdds\ef21bc52-e117-4dee-b900-1234c4bde969_origin.pdf,ef21bc52-e117-4dee-b900-1234c4bde969
C:\Projects\File_Util_App\processed_fdds\ef23dda6-08ad-43ab-b841-ce7e77c4e53a_origin.pdf,ef23dda6-08ad-43ab-b841-ce7e77c4e53a
C:\Projects\File_Util_App\processed_fdds\ef5ceee7-a704-4054-b8ff-4f4c28e79513_origin.pdf,ef5ceee7-a704-4054-b8ff-4f4c28e79513
C:\Projects\File_Util_App\processed_fdds\ef963152-ef11-4c7e-aed9-f6f72ec06de9_origin.pdf,ef963152-ef11-4c7e-aed9-f6f72ec06de9
C:\Projects\File_Util_App\processed_fdds\f037e845-4ecf-40f9-bc41-746f00d81088_origin.pdf,f037e845-4ecf-40f9-bc41-746f00d81088
C:\Projects\File_Util_App\processed_fdds\f0983c8d-d09c-4167-983d-2fa22c36c026_origin.pdf,f0983c8d-d09c-4167-983d-2fa22c36c026
C:\Projects\File_Util_App\processed_fdds\f2bdc850-17ee-452a-9173-1bc159d8835c_origin.pdf,f2bdc850-17ee-452a-9173-1bc159d8835c
C:\Projects\File_Util_App\processed_fdds\f3480020-1827-48f4-bebb-0d02945f0af9_origin.pdf,f3480020-1827-48f4-bebb-0d02945f0af9
C:\Projects\File_Util_App\processed_fdds\f34d8016-5c64-407e-b535-732aa3b4d34a_origin.pdf,f34d8016-5c64-407e-b535-732aa3b4d34a
C:\Projects\File_Util_App\processed_fdds\f3a39433-4c0f-4137-b7c9-e91597b3dafb_origin.pdf,f3a39433-4c0f-4137-b7c9-e91597b3dafb
C:\Projects\File_Util_App\processed_fdds\f3f543ac-91b2-4dfc-96be-5a02fbda5db1_origin.pdf,f3f543ac-91b2-4dfc-96be-5a02fbda5db1
C:\Projects\File_Util_App\processed_fdds\f42334b5-176e-4307-bbea-214c72cc5b34_origin.pdf,f42334b5-176e-4307-bbea-214c72cc5b34
C:\Projects\File_Util_App\processed_fdds\f4374f4e-7dfa-438c-988f-1683d5114051_origin.pdf,f4374f4e-7dfa-438c-988f-1683d5114051
C:\Projects\File_Util_App\processed_fdds\f47974d6-8b53-428f-8f04-c70f8e0ad2a5_origin.pdf,f47974d6-8b53-428f-8f04-c70f8e0ad2a5
C:\Projects\File_Util_App\processed_fdds\f497e0b5-09ca-4276-8c94-ab90e379c73d_origin.pdf,f497e0b5-09ca-4276-8c94-ab90e379c73d
C:\Projects\File_Util_App\processed_fdds\f4eb8ddf-a840-4735-b80d-691d40b6b800_origin.pdf,f4eb8ddf-a840-4735-b80d-691d40b6b800
C:\Projects\File_Util_App\processed_fdds\f5103838-804c-4c98-9818-a3708c8c8d05_origin.pdf,f5103838-804c-4c98-9818-a3708c8c8d05
C:\Projects\File_Util_App\processed_fdds\f540f302-209a-405e-b0d0-e626b52fdcda_origin.pdf,f540f302-209a-405e-b0d0-e626b52fdcda
C:\Projects\File_Util_App\processed_fdds\f567d4f2-7984-46ec-89de-5bd5913007f4_origin.pdf,f567d4f2-7984-46ec-89de-5bd5913007f4
C:\Projects\File_Util_App\processed_fdds\f587741b-00b8-48e8-8094-6ac1928f9284_origin.pdf,f587741b-00b8-48e8-8094-6ac1928f9284
C:\Projects\File_Util_App\processed_fdds\f5ea4653-02a3-4dd9-8f01-f107f6bcc4bb_origin.pdf,f5ea4653-02a3-4dd9-8f01-f107f6bcc4bb
C:\Projects\File_Util_App\processed_fdds\f63ffa74-3df0-42f2-b778-cec44fbe81cd_origin.pdf,f63ffa74-3df0-42f2-b778-cec44fbe81cd
C:\Projects\File_Util_App\processed_fdds\f6c92895-09fe-4f61-9ea2-4cc509419fe8_origin.pdf,f6c92895-09fe-4f61-9ea2-4cc509419fe8
C:\Projects\File_Util_App\processed_fdds\f6f99349-4455-4012-be01-9526e06c1123_origin.pdf,f6f99349-4455-4012-be01-9526e06c1123
C:\Projects\File_Util_App\processed_fdds\f73eb802-4442-4576-92ee-2f9a64f6e563_origin.pdf,f73eb802-4442-4576-92ee-2f9a64f6e563
C:\Projects\File_Util_App\processed_fdds\f740df28-0351-4461-b77f-ff480efc9b41_origin.pdf,f740df28-0351-4461-b77f-ff480efc9b41
C:\Projects\File_Util_App\processed_fdds\f79e4264-5e22-4a07-9091-c409b468db45_origin.pdf,f79e4264-5e22-4a07-9091-c409b468db45
C:\Projects\File_Util_App\processed_fdds\f8ab12e7-90ea-47b6-86fd-6a85dbe7ceb8_origin.pdf,f8ab12e7-90ea-47b6-86fd-6a85dbe7ceb8
C:\Projects\File_Util_App\processed_fdds\f9529244-7e76-4dad-8840-e60acb5d825f_origin.pdf,f9529244-7e76-4dad-8840-e60acb5d825f
C:\Projects\File_Util_App\processed_fdds\f966093a-f72d-40fb-b3cc-59d773044f19_origin.pdf,f966093a-f72d-40fb-b3cc-59d773044f19
C:\Projects\File_Util_App\processed_fdds\fa976fe0-849a-4a96-97f3-a278155bbdd6_origin.pdf,fa976fe0-849a-4a96-97f3-a278155bbdd6
C:\Projects\File_Util_App\processed_fdds\fb058485-4d94-4e43-90e2-473b570ae009_origin.pdf,fb058485-4d94-4e43-90e2-473b570ae009
C:\Projects\File_Util_App\processed_fdds\fb0f6039-52db-4c58-b8b0-56003530b1af_origin.pdf,fb0f6039-52db-4c58-b8b0-56003530b1af
C:\Projects\File_Util_App\processed_fdds\fb2b69bf-71fd-4a22-bc41-6cd7bfd3ba97_origin.pdf,fb2b69bf-71fd-4a22-bc41-6cd7bfd3ba97
C:\Projects\File_Util_App\processed_fdds\fb62049e-8abe-4cb7-a358-47445d24b523_origin.pdf,fb62049e-8abe-4cb7-a358-47445d24b523
C:\Projects\File_Util_App\processed_fdds\fbcaa847-ccb6-4917-ad0e-520035ea47ef_origin.pdf,fbcaa847-ccb6-4917-ad0e-520035ea47ef
C:\Projects\File_Util_App\processed_fdds\fbf017c3-49fb-4235-b177-acc761afc07d_origin.pdf,fbf017c3-49fb-4235-b177-acc761afc07d
C:\Projects\File_Util_App\processed_fdds\fd14ded2-39ef-44b1-9599-09b3055f48a7_origin.pdf,fd14ded2-39ef-44b1-9599-09b3055f48a7
C:\Projects\File_Util_App\processed_fdds\fd79b3d2-b70a-499b-9b10-3f5a8030be76_origin.pdf,fd79b3d2-b70a-499b-9b10-3f5a8030be76
C:\Projects\File_Util_App\processed_fdds\fd8a099d-aa33-41f8-a0fc-50fd26383c19_origin.pdf,fd8a099d-aa33-41f8-a0fc-50fd26383c19
C:\Projects\File_Util_App\processed_fdds\fd8de029-e490-47e5-8bcf-37c96b495136_origin.pdf,fd8de029-e490-47e5-8bcf-37c96b495136
C:\Projects\File_Util_App\processed_fdds\fdc4160a-34d1-471d-9f1c-02c4c3912e01_origin.pdf,fdc4160a-34d1-471d-9f1c-02c4c3912e01
C:\Projects\File_Util_App\processed_fdds\fe117dc6-8f75-4aa9-b998-e27eff4e63f2_origin.pdf,fe117dc6-8f75-4aa9-b998-e27eff4e63f2
C:\Projects\File_Util_App\processed_fdds\fe2e57b4-a02b-4dee-8452-ac09773d5ecc_origin.pdf,fe2e57b4-a02b-4dee-8452-ac09773d5ecc
C:\Projects\File_Util_App\processed_fdds\fe30f141-06e9-4109-a159-8eb57b0c0d23_origin.pdf,fe30f141-06e9-4109-a159-8eb57b0c0d23
C:\Projects\File_Util_App\processed_fdds\fe39598a-7153-4ac2-9398-bc0e9319269e_origin.pdf,fe39598a-7153-4ac2-9398-bc0e9319269e
C:\Projects\File_Util_App\processed_fdds\fe62db1d-adab-4ee4-9cf8-84177ff8db30_origin.pdf,fe62db1d-adab-4ee4-9cf8-84177ff8db30
C:\Projects\File_Util_App\processed_fdds\fe6aae37-037e-4614-8c42-3c309b2e519f_origin.pdf,fe6aae37-037e-4614-8c42-3c309b2e519f
C:\Projects\File_Util_App\processed_fdds\fecd5d3b-4e4b-4fac-aa55-e6940209e2cf_origin.pdf,fecd5d3b-4e4b-4fac-aa55-e6940209e2cf
C:\Projects\File_Util_App\processed_fdds\fee7aab6-01c7-4234-bc10-6f1c4c865ad3_origin.pdf,fee7aab6-01c7-4234-bc10-6f1c4c865ad3
C:\Projects\File_Util_App\processed_fdds\ff2d203e-acb6-4d09-b69c-08a1bb634f30_origin.pdf,ff2d203e-acb6-4d09-b69c-08a1bb634f30
C:\Projects\File_Util_App\processed_fdds\ff9b01d9-c5f5-48c9-9698-fdc8114cd776_origin.pdf,ff9b01d9-c5f5-48c9-9698-fdc8114cd776
C:\Projects\File_Util_App\processed_fdds\ffa73cdd-027e-4837-939e-96093d048a69_origin.pdf,ffa73cdd-027e-4837-939e-96093d048a69
C:\Projects\File_Util_App\processed_fdds\ffb30e18-9318-4f03-9889-e79ef54d06a3_origin.pdf,ffb30e18-9318-4f03-9889-e79ef54d06a3
